-- MySQL dump 10.16  Distrib 10.1.26-MariaDB, for debian-linux-gnu (x86_64)
--
-- Host: localhost    Database: db
-- ------------------------------------------------------
-- Server version	10.1.26-MariaDB-0+deb9u1

/*!40101 SET @OLD_CHARACTER_SET_CLIENT=@@CHARACTER_SET_CLIENT */;
/*!40101 SET @OLD_CHARACTER_SET_RESULTS=@@CHARACTER_SET_RESULTS */;
/*!40101 SET @OLD_COLLATION_CONNECTION=@@COLLATION_CONNECTION */;
/*!40101 SET NAMES utf8mb4 */;
/*!40103 SET @OLD_TIME_ZONE=@@TIME_ZONE */;
/*!40103 SET TIME_ZONE='+00:00' */;
/*!40014 SET @OLD_UNIQUE_CHECKS=@@UNIQUE_CHECKS, UNIQUE_CHECKS=0 */;
/*!40014 SET @OLD_FOREIGN_KEY_CHECKS=@@FOREIGN_KEY_CHECKS, FOREIGN_KEY_CHECKS=0 */;
/*!40101 SET @OLD_SQL_MODE=@@SQL_MODE, SQL_MODE='NO_AUTO_VALUE_ON_ZERO' */;
/*!40111 SET @OLD_SQL_NOTES=@@SQL_NOTES, SQL_NOTES=0 */;

--
-- Table structure for table `bulletin`
--

DROP TABLE IF EXISTS `bulletin`;
/*!40101 SET @saved_cs_client     = @@character_set_client */;
/*!40101 SET character_set_client = utf8 */;
CREATE TABLE `bulletin` (
  `b_num` tinyint(4) DEFAULT NULL,
  `content` varchar(43) DEFAULT NULL
) ENGINE=InnoDB DEFAULT CHARSET=utf8mb4;
/*!40101 SET character_set_client = @saved_cs_client */;

--
-- Dumping data for table `bulletin`
--

LOCK TABLES `bulletin` WRITE;
/*!40000 ALTER TABLE `bulletin` DISABLE KEYS */;
INSERT INTO `bulletin` VALUES (1,'重心健身房重心健身房\r\n重心健身房重心健身房\r\n重心健身房重心健身房\r\n重心健身房重心'),(2,'安安安安安安安安安安\r\n安安安安安安安安安安\r\n安安安安安安安安安安\r\n安安安安安安安'),(3,'歡迎光臨歡迎光臨歡迎光臨\r\n歡迎光臨歡迎光臨歡迎光臨\r\n歡迎光臨歡迎光臨歡迎光臨');
/*!40000 ALTER TABLE `bulletin` ENABLE KEYS */;
UNLOCK TABLES;

--
-- Table structure for table `membergetinlog`
--

DROP TABLE IF EXISTS `membergetinlog`;
/*!40101 SET @saved_cs_client     = @@character_set_client */;
/*!40101 SET character_set_client = utf8 */;
CREATE TABLE `membergetinlog` (
  `getinid` smallint(6) DEFAULT NULL,
  `memberid` varchar(5) DEFAULT NULL,
  `quota` varchar(2) DEFAULT NULL,
  `timestamp` varchar(0) DEFAULT NULL,
  `membertype` varchar(12) DEFAULT NULL
) ENGINE=InnoDB DEFAULT CHARSET=utf8mb4;
/*!40101 SET character_set_client = @saved_cs_client */;

--
-- Dumping data for table `membergetinlog`
--

LOCK TABLES `membergetinlog` WRITE;
/*!40000 ALTER TABLE `membergetinlog` DISABLE KEYS */;
INSERT INTO `membergetinlog` VALUES (664,'m0001','4','','course_limit'),(665,'m0001','53','','times'),(666,'m0001','','','vip'),(667,'m0001','0','','tran_little'),(668,'m0001','3','','course_limit'),(669,'m0001','4','','course'),(670,'m0001','2','','course_limit'),(671,'m0001','52','','times'),(672,'m0001','51','','times'),(673,'m0002','19','','course_limit'),(674,'m0002','18','','course_limit'),(675,'m0002','17','','course_limit'),(676,'m0002','16','','course_limit'),(677,'m0004','51','','times'),(678,'m0004','49','','times'),(679,'m0004','48','','times'),(680,'m0004','47','','times'),(681,'m0004','46','','times'),(682,'m0004','45','','times'),(683,'m0004','44','','times'),(684,'m0004','43','','times'),(685,'m0004','42','','times'),(686,'m0004','41','','times'),(687,'m0004','40','','times'),(688,'m0002','19','','course_limit'),(689,'m0002','18','','course_limit'),(690,'m0002','17','','course_limit'),(691,'m0002','16','','course_limit'),(692,'m0004','49','','times'),(693,'m0004','48','','times'),(694,'m0004','47','','times'),(695,'m0004','46','','times'),(696,'m0004','45','','times'),(697,'m0004','44','','times'),(698,'m0004','43','','times'),(699,'m0004','42','','times'),(700,'m0004','41','','times'),(701,'m0004','40','','times'),(702,'m0010','49','','tran_little'),(703,'m0016','','','normal'),(704,'m0032','','','normal'),(705,'m0016','','','normal'),(706,'m0013','','','normal'),(707,'m0050','9','','times'),(708,'m0050','8','','times'),(709,'m0050','7','','times'),(710,'m0050','6','','times'),(711,'m0052','49','','times'),(712,'m0052','48','','times'),(713,'m0035','49','','times'),(714,'m0035','49','','times'),(715,'m0053','49','','times'),(716,'m0053','48','','times'),(717,'m0053','47','','times'),(718,'m0053','46','','times'),(719,'m0063','9','','times'),(720,'m0064','49','','times'),(721,'m0041','','','normal'),(722,'m0052','47','','times'),(723,'m0055','9','','times'),(724,'m0056','','','normal'),(725,'m0057','','','normal'),(726,'m0032','','','normal'),(727,'m0044','','','normal'),(728,'m0007','','','normal'),(729,'m0065','9','','times'),(730,'m0039','','','normal'),(731,'m0032','','','normal'),(732,'m0050','5','','times'),(733,'m0052','46','','times'),(734,'m0068','','','normal'),(735,'m0038','','','normal'),(736,'m0067','49','','times'),(737,'m0001','','','vip'),(738,'m0034','49','','times'),(739,'m0044','','','normal'),(740,'m0065','8','','times'),(741,'m0013','','','normal'),(742,'m0052','45','','times'),(743,'m0032','','','normal'),(744,'m0007','','','normal'),(745,'m0056','','','normal'),(746,'m0057','','','normal'),(747,'m0051','','','normal'),(748,'m0053','45','','times'),(749,'m0053','44','','times'),(750,'m0034','48','','times'),(751,'m0069','','','normal'),(752,'m0041','','','normal'),(753,'m0072','','','normal'),(754,'m0043','','','normal'),(755,'m0044','','','normal'),(756,'m0007','','','normal'),(757,'m0051','','','normal'),(758,'m0026','49','','times'),(759,'m0018','','','normal'),(760,'m0056','','','normal'),(761,'m0053','43','','times'),(762,'m0053','42','','times'),(763,'m0068','','','normal'),(764,'m0071','','','normal'),(765,'m0052','44','','times'),(766,'m0052','43','','times'),(767,'m0016','','','normal'),(768,'m0032','','','normal'),(769,'m0043','','','normal'),(770,'m0044','','','normal'),(771,'m0056','','','normal'),(772,'m0007','','','normal'),(773,'m0057','','','normal'),(774,'m0051','','','normal'),(775,'m0018','','','normal'),(776,'m0068','','','normal'),(777,'m0052','42','','times'),(778,'m0052','41','','times'),(779,'m0016','','','normal'),(780,'m0070','','','normal'),(781,'m0006','39','','course_limit'),(782,'m0006','38','','course_limit'),(783,'m0007','','','normal'),(784,'m0051','','','normal'),(785,'m0056','','','normal'),(786,'m0018','','','normal'),(787,'m0035','49','','times'),(788,'m0013','','','normal'),(789,'m0034','47','','times'),(790,'m0034','46','','times'),(791,'m0049','39','','course_limit'),(792,'m0074','9','','times'),(793,'m0074','8','','times'),(794,'m0032','','','normal'),(795,'m0048','49','','times'),(796,'m0013','','','normal'),(797,'m0071','','','normal'),(798,'m0040','9','','course_limit'),(799,'m0074','7','','times'),(800,'m0052','40','','times'),(801,'m0052','39','','times'),(802,'m0068','','','normal'),(803,'m0004','39','','times'),(804,'m0032','','','normal'),(805,'m0065','7','','times'),(806,'m0029','49','','times'),(807,'m0041','','','normal'),(808,'m0026','48','','times'),(809,'m0026','47','','times'),(810,'m0034','45','','times'),(811,'m0074','6','','times'),(812,'m0074','5','','times'),(813,'m0074','4','','times'),(814,'m0056','','','normal'),(815,'m0032','','','normal'),(816,'m0044','','','normal'),(817,'m0043','','','normal'),(818,'m0051','','','normal'),(819,'m0075','9','','times'),(820,'m0018','','','normal'),(821,'m0026','46','','times'),(822,'m0026','45','','times'),(823,'m0016','','','normal'),(824,'m0069','','','normal'),(825,'m0032','','','normal'),(826,'m0044','','','normal'),(827,'m0043','','','normal'),(828,'m0007','','','normal'),(829,'m0051','','','normal'),(830,'m0018','','','normal'),(831,'m0073','49','','times'),(832,'m0073','48','','times'),(833,'m0065','6','','times'),(834,'m0006','37','','course_limit'),(835,'m0056','','','normal'),(836,'m0018','','','normal'),(837,'m0035','48','','times'),(838,'m0070','','','normal'),(839,'m0013','','','normal'),(840,'m0071','','','normal'),(841,'m0081','79','','times'),(842,'m0080','49','','times'),(843,'m0030','39','','course_limit'),(844,'m0074','3','','times'),(845,'m0016','','','normal'),(846,'m0077','','','normal'),(847,'m0057','','','normal'),(848,'m0056','','','normal'),(849,'m0059','39','','course_limit'),(850,'m0060','39','','course_limit'),(851,'m0083','19','','times'),(852,'m0032','','','normal'),(853,'m0044','','','normal'),(854,'m0043','','','normal'),(855,'m0071','','','normal'),(856,'m0069','','','normal'),(857,'m0068','','','normal'),(858,'m0034','44','','times'),(859,'m0063','8','','times'),(860,'m0081','78','','times'),(861,'m0080','48','','times'),(862,'m0074','2','','times'),(863,'m0074','1','','times'),(864,'m0039','','','normal'),(865,'m0057','','','normal'),(866,'m0056','','','normal'),(867,'m0032','','','normal'),(868,'m0007','','','normal'),(869,'m0043','','','normal'),(870,'m0044','','','normal'),(871,'m0035','47','','times'),(872,'m0051','','','normal'),(873,'m0018','','','normal'),(874,'m0013','','','normal'),(875,'m0034','43','','times'),(876,'m0066','49','','times'),(877,'m0052','38','','times'),(878,'m0026','44','','times'),(879,'m0032','','','normal'),(880,'m0063','7','','times'),(881,'m0040','8','','course_limit'),(882,'m0070','','','normal'),(883,'m0013','','','normal'),(884,'m0068','','','normal'),(885,'m0006','36','','course_limit'),(886,'m0040','7','','course_limit'),(887,'m0071','','','normal'),(888,'m0069','','','normal'),(889,'m0041','','','normal'),(890,'m0029','48','','times'),(891,'m0083','18','','times'),(892,'m0006','35','','course_limit'),(893,'m0032','','','normal'),(894,'m0044','','','normal'),(895,'m0043','','','normal'),(896,'m0051','','','normal'),(897,'m0071','','','normal'),(898,'m0018','','','normal'),(899,'m0026','43','','times'),(900,'m0030','38','','course_limit'),(901,'m0035','46','','times'),(902,'m0034','42','','times'),(903,'m0007','','','normal'),(904,'m0076','49','','times'),(905,'m0070','','','normal'),(906,'m0011','49','','tran_little'),(907,'m0010','49','','tran_little'),(908,'m0032','','','normal'),(909,'m0043','','','normal'),(910,'m0044','','','normal'),(911,'m0007','','','normal'),(912,'m0056','','','normal'),(913,'m0063','6','','times'),(914,'m0018','','','normal'),(915,'m0026','42','','times'),(916,'m0034','41','','times'),(917,'m0041','','','normal'),(918,'m0065','5','','times'),(919,'m0011','48','','tran_little'),(920,'m0010','48','','tran_little'),(921,'m0020','49','','tran_little'),(922,'m0032','','','normal'),(923,'m0082','19','','course_limit'),(924,'m0077','','','normal'),(925,'m0006','34','','course_limit'),(926,'m0083','17','','times'),(927,'m0051','','','normal'),(928,'m0087','49','','times'),(929,'m0087','48','','times'),(930,'m0085','49','','times'),(931,'m0085','48','','times'),(932,'m0057','','','normal'),(933,'m0035','45','','times'),(934,'m0041','','','normal'),(935,'m0069','','','normal'),(936,'m0070','','','normal'),(937,'m0066','48','','times'),(938,'m0016','','','normal'),(939,'m0088','9','','times'),(940,'m0088','8','','times'),(941,'m0059','38','','course_limit'),(942,'m0032','','','normal'),(943,'m0060','38','','course_limit'),(944,'m0056','','','normal'),(945,'m0007','','','normal'),(946,'m0051','','','normal'),(947,'m0013','','','normal'),(948,'m0026','41','','times'),(949,'m0034','40','','times'),(950,'m0087','47','','times'),(951,'m0068','','','normal'),(952,'m0029','47','','times'),(953,'m0004','38','','times'),(954,'m0004','37','','times'),(955,'m0004','36','','times'),(956,'m0004','35','','times'),(957,'m0002','15','','course_limit'),(958,'m0070','','','normal'),(959,'m0032','','','normal'),(960,'m0030','37','','course_limit'),(961,'m0007','','','normal'),(962,'m0043','','','normal'),(963,'m0044','','','normal'),(964,'m0051','','','normal'),(965,'m0048','48','','times'),(966,'m0026','40','','times'),(967,'m0069','','','normal'),(968,'m0094','9','','times'),(969,'m0095','9','','times'),(970,'m0074','0','','times'),(971,'m0068','','','normal'),(972,'m0032','','','normal'),(973,'m0013','','','normal'),(974,'m0026','39','','times'),(975,'m0026','38','','times'),(976,'m0071','','','normal'),(977,'m0029','46','','times'),(978,'m0041','','','normal'),(979,'m0026','37','','times'),(980,'m0002','14','','course_limit'),(981,'m0087','46','','times'),(982,'m0067','48','','times'),(983,'m0032','','','normal'),(984,'m0004','34','','times'),(985,'m0015','99','','times'),(986,'m0015','98','','times'),(987,'m0034','39','','times'),(988,'m0085','47','','times'),(989,'m0089','','','normal'),(990,'m0081','77','','times'),(991,'m0039','','','normal'),(992,'m0082','18','','course_limit'),(993,'m0032','','','normal'),(994,'m0077','','','normal'),(995,'m0065','4','','times'),(996,'m0029','45','','times'),(997,'m0041','','','normal'),(998,'m0018','','','normal'),(999,'m0026','36','','times'),(1000,'m0087','45','','times'),(1001,'m0034','38','','times'),(1002,'m0065','3','','times'),(1003,'m0070','','','normal'),(1004,'m0011','47','','tran_little'),(1005,'m0010','47','','tran_little'),(1006,'m0020','48','','tran_little'),(1007,'m0030','36','','course_limit'),(1008,'m0089','','','normal'),(1009,'m0039','','','normal'),(1010,'m0060','37','','course_limit'),(1011,'m0066','47','','times'),(1012,'m0044','','','vip'),(1013,'m0043','','','vip'),(1014,'m0015','97','','times'),(1015,'m0015','96','','times'),(1016,'m0041','','','normal'),(1017,'m0056','','','normal'),(1018,'m0013','','','normal'),(1019,'m0087','44','','times'),(1020,'m0026','35','','times'),(1021,'m0034','37','','times'),(1022,'m0011','46','','tran_little'),(1023,'m0020','47','','tran_little'),(1024,'m0010','46','','tran_little'),(1025,'m0071','','','normal'),(1026,'m0098','49','','times'),(1027,'m0098','48','','times'),(1028,'m0098','47','','times'),(1029,'m0098','46','','times'),(1030,'m0083','16','','times'),(1031,'m0032','','','normal'),(1032,'m0006','33','','course_limit'),(1033,'m0056','','','normal'),(1034,'m0048','47','','times'),(1035,'m0087','43','','times'),(1036,'m0013','','','normal'),(1037,'m0026','34','','times'),(1038,'m0093','9','','tran_little'),(1039,'m0092','9','','tran_little'),(1040,'m0041','','','normal'),(1041,'m0069','','','normal'),(1042,'m0072','','','normal'),(1043,'m0070','','','normal'),(1044,'m0019','99','','times'),(1045,'m0088','7','','times'),(1046,'m0088','6','','times'),(1047,'m0060','36','','course_limit'),(1048,'m0002','13','','course_limit'),(1049,'m0059','37','','course_limit'),(1050,'m0032','','','normal'),(1051,'m0029','44','','times'),(1052,'m0041','','','normal'),(1053,'m0082','17','','course_limit'),(1054,'m0015','95','','times'),(1055,'m0015','94','','times'),(1056,'m0051','','','vip'),(1057,'m0018','','','vip'),(1058,'m0013','','','normal'),(1059,'m0026','33','','times'),(1060,'m0087','42','','times'),(1061,'m0004','33','','times'),(1062,'m0076','48','','times'),(1063,'m0070','','','normal'),(1064,'m0070','','','normal'),(1065,'m0089','','','normal'),(1066,'m0066','46','','times'),(1067,'m0030','35','','course_limit'),(1068,'m0032','','','normal'),(1069,'m0098','45','','times'),(1070,'m0098','44','','times'),(1071,'m0099','','','vip'),(1072,'m0051','','','vip'),(1073,'m0018','','','vip'),(1074,'m0077','','','normal'),(1075,'m0080','47','','times'),(1076,'m0013','','','normal'),(1077,'m0068','','','normal'),(1078,'m0085','46','','times'),(1079,'m0085','45','','times'),(1080,'m0056','','','normal'),(1081,'m0059','36','','course_limit'),(1082,'m0055','8','','times'),(1083,'m0077','','','normal'),(1084,'m0087','41','','times'),(1085,'m0080','46','','times'),(1086,'m0029','43','','times'),(1087,'m0052','37','','times'),(1088,'m0041','','','normal'),(1089,'m0067','47','','times'),(1090,'m0007','','','vip'),(1091,'m0048','46','','times'),(1092,'m0018','','','vip'),(1093,'m0051','','','vip'),(1094,'m0044','','','vip'),(1095,'m0043','','','vip'),(1096,'m0067','46','','times'),(1097,'m0090','','','normal'),(1098,'m0072','','','normal'),(1099,'m0100','49','','times'),(1100,'m0070','','','normal'),(1101,'m0013','','','normal'),(1102,'m0026','','','normal'),(1103,'m0104','29','','times'),(1104,'m0104','28','','times'),(1105,'m0065','2','','times'),(1106,'m0102','','','normal'),(1107,'m0040','6','','course_limit'),(1108,'m0095','8','','times'),(1109,'m0086','9','','course_limit'),(1110,'m0028','49','','times'),(1111,'m0105','9','','times'),(1112,'m0081','76','','times'),(1113,'m0080','45','','times'),(1114,'m0106','9','','times'),(1115,'m0041','','','normal'),(1116,'m0002','12','','course_limit'),(1117,'m0029','42','','times'),(1118,'m0098','43','','times'),(1119,'m0098','42','','times'),(1120,'m0091','9','','times'),(1121,'m0068','','','normal'),(1122,'m0077','','','normal'),(1123,'m0032','','','normal'),(1124,'m0100','48','','times'),(1125,'m0090','','','normal'),(1126,'m0072','','','normal'),(1127,'m0065','1','','times'),(1128,'m0058','19','','course_limit'),(1129,'m0034','36','','times'),(1130,'m0070','','','normal'),(1131,'m0060','35','','course_limit'),(1132,'m0103','','','normal'),(1133,'m0077','','','normal'),(1134,'m0032','','','normal'),(1135,'m0102','','','normal'),(1136,'m0082','16','','course_limit'),(1137,'m0083','15','','times'),(1138,'m0006','32','','course_limit'),(1139,'m0015','93','','times'),(1140,'m0015','92','','times'),(1141,'m0043','','','vip'),(1142,'m0099','','','vip'),(1143,'m0056','','','normal'),(1144,'m0018','','','vip'),(1145,'m0044','','','vip'),(1146,'m0051','','','vip'),(1147,'m0007','','','vip'),(1148,'m0041','','','normal'),(1149,'m0030','34','','course_limit'),(1150,'m0063','5','','times'),(1151,'m0013','','','normal'),(1152,'m0026','','','normal'),(1153,'m0087','40','','times'),(1154,'m0068','','','normal'),(1155,'m0034','35','','times'),(1156,'m0070','','','normal'),(1157,'m0014','49','','tran_little'),(1158,'m0011','45','','tran_little'),(1159,'m0010','45','','tran_little'),(1160,'m0107','','','normal'),(1161,'m0081','75','','times'),(1162,'m0032','','','normal'),(1163,'m0039','','','normal'),(1164,'m0043','','','vip'),(1165,'m0007','','','vip'),(1166,'m0051','','','vip'),(1167,'m0015','91','','times'),(1168,'m0018','','','vip'),(1169,'m0026','','','normal'),(1170,'m0013','','','normal'),(1171,'m0104','27','','times'),(1172,'m0068','','','normal'),(1173,'m0069','29','','times'),(1174,'m0102','','','normal'),(1175,'m0056','','','normal'),(1176,'m0028','48','','times'),(1177,'m0011','44','','tran_little'),(1178,'m0010','44','','tran_little'),(1179,'m0012','49','','tran_little'),(1180,'m0020','46','','tran_little'),(1181,'m0088','5','','times'),(1182,'m0088','4','','times'),(1183,'m0049','38','','course_limit'),(1184,'m0106','8','','times'),(1185,'m0062','39','','course_limit'),(1186,'m0098','41','','times'),(1187,'m0098','40','','times'),(1188,'m0003','9','','times'),(1189,'m0085','44','','times'),(1190,'m0085','43','','times'),(1191,'m0103','','','normal'),(1192,'m0002','11','','course_limit'),(1193,'m0032','','','normal'),(1194,'m0077','','','normal'),(1195,'m0006','31','','course_limit'),(1196,'m0083','14','','times'),(1197,'m0099','','','vip'),(1198,'m0043','','','vip'),(1199,'m0044','','','vip'),(1200,'m0007','','','vip'),(1201,'m0051','','','vip'),(1202,'m0018','','','vip'),(1203,'m0041','','','normal'),(1204,'m0013','','','normal'),(1205,'m0026','','','normal'),(1206,'m0087','39','','times'),(1207,'m0093','8','','tran_little'),(1208,'m0004','32','','times'),(1209,'m0004','31','','times'),(1210,'m0104','26','','times'),(1211,'m0104','25','','times'),(1212,'m0100','47','','times'),(1213,'m0070','','','normal'),(1214,'m0072','','','normal'),(1215,'m0102','','','normal'),(1216,'m0086','8','','course_limit'),(1217,'m0059','35','','course_limit'),(1218,'m0077','','','normal'),(1219,'m0060','34','','course_limit'),(1220,'m0089','','','normal'),(1221,'m0018','','','vip'),(1222,'m0043','','','vip'),(1223,'m0044','','','vip'),(1224,'m0029','41','','times'),(1225,'m0041','','','normal'),(1226,'m0051','','','vip'),(1227,'m0090','','','normal'),(1228,'m0015','90','','times'),(1229,'m0015','89','','times'),(1230,'m0087','38','','times'),(1231,'m0013','','','normal'),(1232,'m0087','37','','times'),(1233,'m0034','34','','times'),(1234,'m0075','8','','times'),(1235,'m0076','47','','times'),(1236,'m0106','7','','times'),(1237,'m0102','','','normal'),(1238,'m0040','5','','course_limit'),(1239,'m0059','34','','course_limit'),(1240,'m0107','','','normal'),(1241,'m0039','','','normal'),(1242,'m0098','39','','times'),(1243,'m0098','38','','times'),(1244,'m0032','','','normal'),(1245,'m0103','','','normal'),(1246,'m0006','30','','course_limit'),(1247,'m0056','','','normal'),(1248,'m0044','','','vip'),(1249,'m0043','','','vip'),(1250,'m0108','','','normal'),(1251,'m0007','','','vip'),(1252,'m0018','','','vip'),(1253,'m0051','','','vip'),(1254,'m0041','','','normal'),(1255,'m0029','40','','times'),(1256,'m0030','33','','course_limit'),(1257,'m0100','46','','times'),(1258,'m0072','','','normal'),(1259,'m0100','45','','times'),(1260,'m0026','','','normal'),(1261,'m0013','','','normal'),(1262,'m0068','','','normal'),(1263,'m0028','47','','times'),(1264,'m0002','10','','course_limit'),(1265,'m0091','8','','times'),(1266,'m0032','','','normal'),(1267,'m0005','49','','times'),(1268,'m0090','','','normal'),(1269,'m0065','0','','times'),(1270,'m0013','','','normal'),(1271,'m0072','','','normal'),(1272,'m0026','','','normal'),(1273,'m0087','36','','times'),(1274,'m0100','44','','times'),(1275,'m0114','9','','times'),(1276,'m0042','49','','times'),(1277,'m0112','','','normal'),(1278,'m0106','6','','times'),(1279,'m0006','29','','course_limit'),(1280,'m0105','8','','times'),(1281,'m0105','7','','times'),(1282,'m0061','39','','course_limit'),(1283,'m0098','37','','times'),(1284,'m0098','36','','times'),(1285,'m0091','7','','times'),(1286,'m0009','','','normal'),(1287,'m0029','39','','times'),(1288,'m0041','','','normal'),(1289,'m0032','','','normal'),(1290,'m0111','','','normal'),(1291,'m0064','48','','times'),(1292,'m0015','88','','times'),(1293,'m0015','87','','times'),(1294,'m0104','24','','times'),(1295,'m0072','','','normal'),(1296,'m0056','','','normal'),(1297,'m0113','','','normal'),(1298,'m0060','33','','course_limit'),(1299,'m0103','','','normal'),(1300,'m0039','','','normal'),(1301,'m0032','','','normal'),(1302,'m0083','13','','times'),(1303,'m0044','','','vip'),(1304,'m0108','','','normal'),(1305,'m0043','','','vip'),(1306,'m0007','','','vip'),(1307,'m0112','','','normal'),(1308,'m0030','32','','course_limit'),(1309,'m0110','9','','times'),(1310,'m0036','49','','tran_little'),(1311,'m0013','','','normal'),(1312,'m0085','42','','times'),(1313,'m0085','41','','times'),(1314,'m0041','','','normal'),(1315,'m0087','35','','times'),(1316,'m0100','43','','times'),(1317,'m0072','','','normal'),(1318,'m0034','33','','times'),(1319,'m0111','','','normal'),(1320,'m0009','','','normal'),(1321,'m0107','','','normal'),(1322,'m0070','','','normal'),(1323,'m0028','46','','times'),(1324,'m0010','43','','tran_little'),(1325,'m0011','43','','tran_little'),(1326,'m0020','45','','tran_little'),(1327,'m0021','49','','tran_little'),(1328,'m0032','','','normal'),(1329,'m0044','','','vip'),(1330,'m0051','','','vip'),(1331,'m0007','','','vip'),(1332,'m0056','','','normal'),(1333,'m0018','','','vip'),(1334,'m0041','','','normal'),(1335,'m0041','','','normal'),(1336,'m0102','','','normal'),(1337,'m0043','','','vip'),(1338,'m0111','','','normal'),(1339,'m0072','','','normal'),(1340,'m0069','28','','times'),(1341,'m0107','','','normal'),(1342,'m0009','','','normal'),(1343,'m0029','38','','times'),(1344,'m0070','','','normal'),(1345,'m0011','42','','tran_little'),(1346,'m0020','44','','tran_little'),(1347,'m0012','48','','tran_little'),(1348,'m0010','42','','tran_little'),(1349,'m0109','9','','tran_little'),(1350,'m0021','48','','tran_little'),(1351,'m0088','3','','times'),(1352,'m0088','2','','times'),(1353,'m0062','38','','course_limit'),(1354,'m0106','5','','times'),(1355,'m0002','9','','course_limit'),(1356,'m0032','','','normal'),(1357,'m0072','','','normal'),(1358,'m0090','','','normal'),(1359,'m0098','35','','times'),(1360,'m0098','34','','times'),(1361,'m0100','42','','times'),(1362,'m0044','','','vip'),(1363,'m0043','','','vip'),(1364,'m0083','12','','times'),(1365,'m0007','','','vip'),(1366,'m0051','','','vip'),(1367,'m0018','','','vip'),(1368,'m0036','49','','tran_little'),(1369,'m0013','','','normal'),(1370,'m0092','8','','tran_little'),(1371,'m0026','','','normal'),(1372,'m0093','7','','tran_little'),(1373,'m0102','','','normal'),(1374,'m0070','','','normal'),(1375,'m0085','40','','times'),(1376,'m0085','39','','times'),(1377,'m0116','','','normal'),(1378,'m0059','33','','course_limit'),(1379,'m0089','','','normal'),(1380,'m0030','31','','course_limit'),(1381,'m0032','','','normal'),(1382,'m0103','','','normal'),(1383,'m0044','','','vip'),(1384,'m0056','','','normal'),(1385,'m0041','','','normal'),(1386,'m0051','','','vip'),(1387,'m0007','','','vip'),(1388,'m0029','37','','times'),(1389,'m0104','23','','times'),(1390,'m0013','','','normal'),(1391,'m0087','34','','times'),(1392,'m0034','32','','times'),(1393,'m0026','','','normal'),(1394,'m0015','86','','times'),(1395,'m0015','85','','times'),(1396,'m0072','','','normal'),(1397,'m0087','33','','times'),(1398,'m0009','','','normal'),(1399,'m0076','46','','times'),(1400,'m0113','','','normal'),(1401,'m0024','39','','course_limit'),(1402,'m0086','7','','course_limit'),(1403,'m0112','','','normal'),(1404,'m0103','','','normal'),(1405,'m0060','32','','course_limit'),(1406,'m0032','','','normal'),(1407,'m0083','11','','times'),(1408,'m0055','7','','times'),(1409,'m0043','','','vip'),(1410,'m0044','','','vip'),(1411,'m0099','','','vip'),(1412,'m0108','','','normal'),(1413,'m0007','','','vip'),(1414,'m0051','','','vip'),(1415,'m0018','','','vip'),(1416,'m0056','','','normal'),(1417,'m0035','44','','times'),(1418,'m0033','49','','times'),(1419,'m0080','44','','times'),(1420,'m0013','','','normal'),(1421,'m0026','','','normal'),(1422,'m0100','41','','times'),(1423,'m0087','32','','times'),(1424,'m0072','','','normal'),(1425,'m0069','27','','times'),(1426,'m0107','','','normal'),(1427,'m0028','45','','times'),(1428,'m0039','','','normal'),(1429,'m0106','4','','times'),(1430,'m0052','36','','times'),(1431,'m0041','','','normal'),(1432,'m0026','','','normal'),(1433,'m0061','38','','course_limit'),(1434,'m0098','33','','times'),(1435,'m0098','32','','times'),(1436,'m0006','28','','course_limit'),(1437,'m0032','','','normal'),(1438,'m0100','40','','times'),(1439,'m0080','43','','times'),(1440,'m0080','42','','times'),(1441,'m0072','','','normal'),(1442,'m0031','19','','course_limit'),(1443,'m0035','43','','times'),(1444,'m0015','84','','times'),(1445,'m0015','83','','times'),(1446,'m0013','','','normal'),(1447,'m0015','82','','times'),(1448,'m0015','81','','times'),(1449,'m0104','22','','times'),(1450,'m0118','49','','times'),(1451,'m0118','48','','times'),(1452,'m0116','','','normal'),(1453,'m0004','30','','times'),(1454,'m0004','29','','times'),(1455,'m0004','28','','times'),(1456,'m0015','80','','times'),(1457,'m0070','','','normal'),(1458,'m0083','10','','times'),(1459,'m0119','9','','times'),(1460,'m0119','8','','times'),(1461,'m0048','45','','times'),(1462,'m0085','38','','times'),(1463,'m0120','','','normal'),(1464,'m0006','27','','course_limit'),(1465,'m0026','','','normal'),(1466,'m0002','8','','course_limit'),(1467,'m0087','31','','times'),(1468,'m0041','','','normal'),(1469,'m0118','47','','times'),(1470,'m0118','46','','times'),(1471,'m0029','36','','times'),(1472,'m0097','49','','times'),(1473,'m0090','','','normal'),(1474,'m0032','','','normal'),(1475,'m0100','39','','times'),(1476,'m0058','18','','course_limit'),(1477,'m0107','','','normal'),(1478,'m0034','31','','times'),(1479,'m0104','21','','times'),(1480,'m0115','','','normal'),(1481,'m0102','','','normal'),(1482,'m0098','31','','times'),(1483,'m0098','30','','times'),(1484,'m0060','31','','course_limit'),(1485,'m0103','','','normal'),(1486,'m0056','','','normal'),(1487,'m0099','','','vip'),(1488,'m0108','','','normal'),(1489,'m0044','','','vip'),(1490,'m0043','','','vip'),(1491,'m0051','','','vip'),(1492,'m0036','48','','tran_little'),(1493,'m0018','','','vip'),(1494,'m0120','','','normal'),(1495,'m0030','30','','course_limit'),(1496,'m0087','30','','times'),(1497,'m0072','','','normal'),(1498,'m0034','30','','times'),(1499,'m0088','1','','times'),(1500,'m0088','0','','times'),(1501,'m0028','44','','times'),(1502,'m0010','41','','tran_little'),(1503,'m0012','47','','tran_little'),(1504,'m0021','47','','tran_little'),(1505,'m0020','43','','tran_little'),(1506,'m0022','49','','tran_little'),(1507,'m0024','38','','course_limit'),(1508,'m0106','3','','times'),(1509,'m0117','','','normal'),(1510,'m0022','48','','tran_little'),(1511,'m0116','','','normal'),(1512,'m0032','','','normal'),(1513,'m0083','9','','times'),(1514,'m0007','','','vip'),(1515,'m0031','18','','course_limit'),(1516,'m0018','','','vip'),(1517,'m0048','44','','times'),(1518,'m0100','38','','times'),(1519,'m0087','29','','times'),(1520,'m0104','20','','times'),(1521,'m0072','','','normal'),(1522,'m0026','32','','times'),(1523,'m0034','29','','times'),(1524,'m0069','26','','times'),(1525,'m0069','25','','times'),(1526,'m0011','41','','tran_little'),(1527,'m0010','40','','tran_little'),(1528,'m0012','46','','tran_little'),(1529,'m0021','46','','tran_little'),(1530,'m0020','42','','tran_little'),(1531,'m0022','47','','tran_little'),(1532,'m0022','46','','tran_little'),(1533,'m0062','37','','course_limit'),(1534,'m0032','','','normal'),(1535,'m0108','','','normal'),(1536,'m0043','','','vip'),(1537,'m0099','','','vip'),(1538,'m0090','','','normal'),(1539,'m0007','','','vip'),(1540,'m0051','','','vip'),(1541,'m0112','','','normal'),(1542,'m0092','7','','tran_little'),(1543,'m0093','6','','tran_little'),(1544,'m0120','','','normal'),(1545,'m0102','','','normal'),(1546,'m0072','','','normal'),(1547,'m0056','','','normal'),(1548,'m0049','37','','course_limit'),(1549,'m0116','','','normal'),(1550,'m0117','','','normal'),(1551,'m0106','2','','times'),(1552,'m0070','','','normal'),(1553,'m0098','29','','times'),(1554,'m0098','28','','times'),(1555,'m0059','32','','course_limit'),(1556,'m0002','7','','course_limit'),(1557,'m0060','30','','course_limit'),(1558,'m0068','','','normal'),(1559,'m0007','','','vip'),(1560,'m0041','','','normal'),(1561,'m0044','','','vip'),(1562,'m0018','','','vip'),(1563,'m0043','','','vip'),(1564,'m0029','35','','times'),(1565,'m0031','17','','course_limit'),(1566,'m0102','','','normal'),(1567,'m0118','45','','times'),(1568,'m0072','','','normal'),(1569,'m0115','','','normal'),(1570,'m0076','45','','times'),(1571,'m0085','37','','times'),(1572,'m0085','36','','times'),(1573,'m0113','','','normal'),(1574,'m0086','6','','course_limit'),(1575,'m0024','37','','course_limit'),(1576,'m0102','','','normal'),(1577,'m0116','','','normal'),(1578,'m0082','15','','course_limit'),(1579,'m0058','17','','course_limit'),(1580,'m0039','','','normal'),(1581,'m0083','8','','times'),(1582,'m0121','9','','course_limit'),(1583,'m0041','','','normal'),(1584,'m0043','','','vip'),(1585,'m0007','','','vip'),(1586,'m0051','','','vip'),(1587,'m0029','34','','times'),(1588,'m0018','','','vip'),(1589,'m0056','','','normal'),(1590,'m0032','','','normal'),(1591,'m0087','28','','times'),(1592,'m0104','19','','times'),(1593,'m0023','39','','course_limit'),(1594,'m0087','27','','times'),(1595,'m0026','','','normal'),(1596,'m0100','37','','times'),(1597,'m0072','','','normal'),(1598,'m0069','24','','times'),(1599,'m0066','45','','times'),(1600,'m0066','44','','times'),(1601,'m0100','36','','times'),(1602,'m0115','','','normal'),(1603,'m0028','43','','times'),(1604,'m0059','31','','course_limit'),(1605,'m0117','','','normal'),(1606,'m0106','1','','times'),(1607,'m0002','6','','course_limit'),(1608,'m0023','38','','course_limit'),(1609,'m0061','37','','course_limit'),(1610,'m0030','29','','course_limit'),(1611,'m0122','','','normal'),(1612,'m0032','','','normal'),(1613,'m0116','','','normal'),(1614,'m0121','','','normal'),(1615,'m0067','45','','times'),(1616,'m0120','','','normal'),(1617,'m0004','27','','times'),(1618,'m0123','9','','times'),(1619,'m0124','49','','times'),(1620,'m0026','31','','times'),(1621,'m0026','30','','times'),(1622,'m0040','4','','course_limit'),(1623,'m0115','','','normal'),(1624,'m0048','43','','times'),(1625,'m0029','33','','times'),(1626,'m0102','','','normal'),(1627,'m0112','','','normal'),(1628,'m0089','','','normal'),(1629,'m0098','27','','times'),(1630,'m0098','26','','times'),(1631,'m0059','30','','course_limit'),(1632,'m0032','','','normal'),(1633,'m0056','','','normal'),(1634,'m0060','29','','course_limit'),(1635,'m0103','','','normal'),(1636,'m0043','','','vip'),(1637,'m0108','','','normal'),(1638,'m0044','','','vip'),(1639,'m0044','','','vip'),(1640,'m0044','','','vip'),(1641,'m0041','','','normal'),(1642,'m0018','','','vip'),(1643,'m0030','28','','course_limit'),(1644,'m0122','','','normal'),(1645,'m0087','26','','times'),(1646,'m0026','','','normal'),(1647,'m0072','','','normal'),(1648,'m0004','26','','times'),(1649,'m0116','','','normal'),(1650,'m0066','43','','times'),(1651,'m0066','42','','times'),(1652,'m0107','','','normal'),(1653,'m0088','9','','times'),(1654,'m0088','8','','times'),(1655,'m0070','','','normal'),(1656,'m0011','40','','tran_little'),(1657,'m0010','39','','tran_little'),(1658,'m0014','49','','tran_little'),(1659,'m0012','45','','tran_little'),(1660,'m0020','41','','tran_little'),(1661,'m0106','0','','times'),(1662,'m0024','36','','course_limit'),(1663,'m0106','','','normal'),(1664,'m0056','','','normal'),(1665,'m0052','35','','times'),(1666,'m0032','','','normal'),(1667,'m0083','7','','times'),(1668,'m0043','','','vip'),(1669,'m0041','','','normal'),(1670,'m0125','9','','course_limit'),(1671,'m0125','8','','course_limit'),(1672,'m0031','16','','course_limit'),(1673,'m0031','15','','course_limit'),(1674,'m0031','14','','course_limit'),(1675,'m0031','13','','course_limit'),(1676,'m0031','12','','course_limit'),(1677,'m0031','11','','course_limit'),(1678,'m0031','10','','course_limit'),(1679,'m0031','9','','course_limit'),(1680,'m0031','8','','course_limit'),(1681,'m0031','7','','course_limit'),(1682,'m0031','6','','course_limit'),(1683,'m0031','5','','course_limit'),(1684,'m0018','','','vip'),(1685,'m0120','','','normal'),(1686,'m0087','25','','times'),(1687,'m0087','24','','times'),(1688,'m0026','','','normal'),(1689,'m0026','','','normal'),(1690,'m0122','','','normal'),(1691,'m0126','49','','times'),(1692,'m0126','48','','times'),(1693,'m0126','47','','times'),(1694,'m0126','46','','times'),(1695,'m0113','','','normal'),(1696,'m0011','39','','tran_little'),(1697,'m0012','44','','tran_little'),(1698,'m0020','40','','tran_little'),(1699,'m0010','38','','tran_little'),(1700,'m0049','36','','course_limit'),(1701,'m0118','44','','times'),(1702,'m0089','','','normal'),(1703,'m0058','16','','course_limit'),(1704,'m0058','15','','course_limit'),(1705,'m0058','14','','course_limit'),(1706,'m0058','13','','course_limit'),(1707,'m0058','12','','course_limit'),(1708,'m0058','11','','course_limit'),(1709,'m0058','10','','course_limit'),(1710,'m0058','9','','course_limit'),(1711,'m0058','8','','course_limit'),(1712,'m0058','7','','course_limit'),(1713,'m0058','6','','course_limit'),(1714,'m0058','5','','course_limit'),(1715,'m0058','4','','course_limit'),(1716,'m0030','27','','course_limit'),(1717,'m0112','','','normal'),(1718,'m0044','','','vip'),(1719,'m0043','','','vip'),(1720,'m0007','','','vip'),(1721,'m0018','','','vip'),(1722,'m0108','','','normal'),(1723,'m0051','','','vip'),(1724,'m0051','','','vip'),(1725,'m0104','18','','times'),(1726,'m0029','32','','times'),(1727,'m0041','','','normal'),(1728,'m0026','29','','times'),(1729,'m0093','5','','tran_little'),(1730,'m0092','6','','tran_little'),(1731,'m0087','23','','times'),(1732,'m0074','49','','times'),(1733,'m0066','41','','times'),(1734,'m0072','','','normal'),(1735,'m0116','','','normal'),(1736,'m0115','','','normal'),(1737,'m0094','8','','times'),(1738,'m0122','','','normal'),(1739,'m0074','48','','times'),(1740,'m0052','34','','times'),(1741,'m0052','33','','times'),(1742,'m0078','49','','times'),(1743,'m0052','32','','times'),(1744,'m0052','31','','times'),(1745,'m0089','','','normal'),(1746,'m0106','','','normal'),(1747,'m0117','','','normal'),(1748,'m0002','5','','course_limit'),(1749,'m0043','','','vip'),(1750,'m0070','','','normal'),(1751,'m0041','','','normal'),(1752,'m0029','31','','times'),(1753,'m0056','','','normal'),(1754,'m0098','25','','times'),(1755,'m0098','24','','times'),(1756,'m0097','48','','times'),(1757,'m0120','','','normal'),(1758,'m0026','','','normal'),(1759,'m0032','','','normal'),(1760,'m0127','19','','course_limit'),(1761,'m0031','4','','course_limit'),(1762,'m0018','','','vip'),(1763,'m0063','4','','times'),(1764,'m0115','','','normal'),(1765,'m0039','','','normal'),(1766,'m0026','','','normal'),(1767,'m0094','7','','times'),(1768,'m0026','28','','times'),(1769,'m0085','35','','times'),(1770,'m0085','34','','times'),(1771,'m0122','','','normal'),(1772,'m0086','5','','course_limit'),(1773,'m0105','6','','times'),(1774,'m0105','5','','times'),(1775,'m0074','47','','times'),(1776,'m0059','29','','course_limit'),(1777,'m0024','35','','course_limit'),(1778,'m0041','','','normal'),(1779,'m0029','30','','times'),(1780,'m0030','26','','course_limit'),(1781,'m0089','','','normal'),(1782,'m0097','47','','times'),(1783,'m0068','','','normal'),(1784,'m0060','28','','course_limit'),(1785,'m0043','','','vip'),(1786,'m0044','','','vip'),(1787,'m0032','','','normal'),(1788,'m0035','42','','times'),(1789,'m0116','','','normal'),(1790,'m0104','17','','times'),(1791,'m0048','42','','times'),(1792,'m0120','','','normal'),(1793,'m0018','','','vip'),(1794,'m0066','40','','times'),(1795,'m0045','49','','times'),(1796,'m0074','46','','times'),(1797,'m0106','','','normal'),(1798,'m0117','','','normal'),(1799,'m0028','42','','times'),(1800,'m0088','7','','times'),(1801,'m0088','6','','times'),(1802,'m0080','41','','times'),(1803,'m0080','40','','times'),(1804,'m0087','22','','times'),(1805,'m0026','','','normal'),(1806,'m0061','36','','course_limit'),(1807,'m0089','','','normal'),(1808,'m0124','48','','times'),(1809,'m0104','16','','times'),(1810,'m0116','','','normal'),(1811,'m0004','25','','times'),(1812,'m0004','24','','times'),(1813,'m0115','','','normal'),(1814,'m0094','6','','times'),(1815,'m0094','5','','times'),(1816,'m0002','4','','course_limit'),(1817,'m0130','49','','times'),(1818,'m0029','29','','times'),(1819,'m0041','','','normal'),(1820,'m0032','','','normal'),(1821,'m0035','41','','times'),(1822,'m0100','35','','times'),(1823,'m0070','','','normal'),(1824,'m0034','28','','times'),(1825,'m0072','','','normal'),(1826,'m0116','','','normal'),(1827,'m0059','28','','course_limit'),(1828,'m0127','18','','course_limit'),(1829,'m0098','23','','times'),(1830,'m0098','22','','times'),(1831,'m0030','25','','course_limit'),(1832,'m0048','41','','times'),(1833,'m0032','','','normal'),(1834,'m0056','','','normal'),(1835,'m0060','27','','course_limit'),(1836,'m0043','','','vip'),(1837,'m0044','','','vip'),(1838,'m0051','','','vip'),(1839,'m0018','','','vip'),(1840,'m0008','','','normal'),(1841,'m0120','','','normal'),(1842,'m0026','27','','times'),(1843,'m0026','','','normal'),(1844,'m0087','21','','times'),(1845,'m0068','','','normal'),(1846,'m0122','','','normal'),(1847,'m0097','46','','times'),(1848,'m0116','','','normal'),(1849,'m0115','','','normal'),(1850,'m0010','37','','tran_little'),(1851,'m0011','38','','tran_little'),(1852,'m0020','39','','tran_little'),(1853,'m0012','43','','tran_little'),(1854,'m0014','48','','tran_little'),(1855,'m0022','45','','tran_little'),(1856,'m0117','','','normal'),(1857,'m0106','','','normal'),(1858,'m0024','34','','course_limit'),(1859,'m0133','','','normal'),(1860,'m0089','','','normal'),(1861,'m0122','','','normal'),(1862,'m0128','','','normal'),(1863,'m0032','','','normal'),(1864,'m0082','14','','course_limit'),(1865,'m0004','23','','times'),(1866,'m0083','6','','times'),(1867,'m0044','','','vip'),(1868,'m0043','','','vip'),(1869,'m0007','','','vip'),(1870,'m0031','3','','course_limit'),(1871,'m0008','','','normal'),(1872,'m0048','40','','times'),(1873,'m0118','43','','times'),(1874,'m0087','20','','times'),(1875,'m0041','','','normal'),(1876,'m0034','27','','times'),(1877,'m0066','39','','times'),(1878,'m0100','34','','times'),(1879,'m0072','','','normal'),(1880,'m0107','','','normal'),(1881,'m0115','','','normal'),(1882,'m0129','','','normal'),(1883,'m0128','','','normal'),(1884,'m0133','','','normal'),(1885,'m0085','33','','times'),(1886,'m0085','32','','times'),(1887,'m0029','28','','times'),(1888,'m0010','36','','tran_little'),(1889,'m0011','37','','tran_little'),(1890,'m0012','42','','tran_little'),(1891,'m0020','38','','tran_little'),(1892,'m0022','44','','tran_little'),(1893,'m0021','45','','tran_little'),(1894,'m0062','36','','course_limit'),(1895,'m0103','','','normal'),(1896,'m0032','','','normal'),(1897,'m0102','','','normal'),(1898,'m0108','','','normal'),(1899,'m0099','','','vip'),(1900,'m0043','','','vip'),(1901,'m0044','','','vip'),(1902,'m0007','','','vip'),(1903,'m0008','','','normal'),(1904,'m0018','','','vip'),(1905,'m0051','','','vip'),(1906,'m0056','','','normal'),(1907,'m0113','','','normal'),(1908,'m0072','','','normal'),(1909,'m0118','42','','times'),(1910,'m0041','','','normal'),(1911,'m0026','','','normal'),(1912,'m0100','33','','times'),(1913,'m0026','26','','times'),(1914,'m0093','4','','tran_little'),(1915,'m0120','','','normal'),(1916,'m0092','5','','tran_little'),(1917,'m0087','19','','times'),(1918,'m0069','23','','times'),(1919,'m0116','','','normal'),(1920,'m0004','22','','times'),(1921,'m0107','','','normal'),(1922,'m0115','','','normal'),(1923,'m0104','15','','times'),(1924,'m0028','41','','times'),(1925,'m0086','4','','course_limit'),(1926,'m0056','','','normal'),(1927,'m0117','','','normal'),(1928,'m0106','','','normal'),(1929,'m0059','27','','course_limit'),(1930,'m0089','','','normal'),(1931,'m0002','3','','course_limit'),(1932,'m0032','','','normal'),(1933,'m0128','','','normal'),(1934,'m0082','13','','course_limit'),(1935,'m0083','5','','times'),(1936,'m0041','','','normal'),(1937,'m0029','27','','times'),(1938,'m0018','','','vip'),(1939,'m0043','','','vip'),(1940,'m0108','','','normal'),(1941,'m0031','2','','course_limit'),(1942,'m0072','','','normal'),(1943,'m0125','7','','course_limit'),(1944,'m0087','18','','times'),(1945,'m0100','32','','times'),(1946,'m0122','','','normal'),(1947,'m0116','','','normal'),(1948,'m0116','','','normal'),(1949,'m0115','','','normal'),(1950,'m0012','41','','tran_little'),(1951,'m0076','44','','times'),(1952,'m0014','47','','tran_little'),(1953,'m0024','33','','course_limit'),(1954,'m0133','','','normal'),(1955,'m0057','49','','times'),(1956,'m0122','','','normal'),(1957,'m0030','24','','course_limit'),(1958,'m0132','','','normal'),(1959,'m0102','','','normal'),(1960,'m0103','','','normal'),(1961,'m0128','','','normal'),(1962,'m0132','','','normal'),(1963,'m0044','','','vip'),(1964,'m0043','','','vip'),(1965,'m0007','','','vip'),(1966,'m0051','','','vip'),(1967,'m0018','','','vip'),(1968,'m0029','26','','times'),(1969,'m0008','','','normal'),(1970,'m0026','','','normal'),(1971,'m0048','39','','times'),(1972,'m0104','14','','times'),(1973,'m0087','17','','times'),(1974,'m0026','25','','times'),(1975,'m0026','24','','times'),(1976,'m0056','','','normal'),(1977,'m0069','22','','times'),(1978,'m0069','21','','times'),(1979,'m0034','26','','times'),(1980,'m0100','31','','times'),(1981,'m0072','','','normal'),(1982,'m0116','','','normal'),(1983,'m0120','','','normal'),(1984,'m0113','','','normal'),(1985,'m0102','','','normal'),(1986,'m0039','','','normal'),(1987,'m0129','','','normal'),(1988,'m0128','','','normal'),(1989,'m0117','','','normal'),(1990,'m0106','','','normal'),(1991,'m0131','39','','course_limit'),(1992,'m0032','','','normal'),(1993,'m0061','35','','course_limit'),(1994,'m0072','','','normal'),(1995,'m0100','30','','times'),(1996,'m0018','','','vip'),(1997,'m0104','13','','times'),(1998,'m0004','21','','times'),(1999,'m0116','','','normal'),(2000,'m0120','','','normal'),(2001,'m0039','','','normal'),(2002,'m0133','','','normal'),(2003,'m0066','38','','times'),(2004,'m0064','47','','times'),(2005,'m0026','','','normal'),(2006,'m0125','6','','course_limit'),(2007,'m0087','16','','times'),(2008,'m0087','15','','times'),(2009,'m0118','41','','times'),(2010,'m0118','40','','times'),(2011,'m0097','45','','times'),(2012,'m0032','','','normal'),(2013,'m0029','25','','times'),(2014,'m0072','','','normal'),(2015,'m0041','','','normal'),(2016,'m0066','37','','times'),(2017,'m0115','','','normal'),(2018,'m0113','','','normal'),(2019,'m0129','','','normal'),(2020,'m0128','','','normal'),(2021,'m0128','','','normal'),(2022,'m0085','31','','times'),(2023,'m0085','30','','times'),(2024,'m0028','40','','times'),(2025,'m0028','39','','times'),(2026,'m0133','','','normal'),(2027,'m0133','','','normal'),(2028,'m0045','48','','times'),(2029,'m0057','48','','times'),(2030,'m0102','','','normal'),(2031,'m0089','','','normal'),(2032,'m0039','','','normal'),(2033,'m0032','','','normal'),(2034,'m0103','','','normal'),(2035,'m0117','','','normal'),(2036,'m0048','38','','times'),(2037,'m0130','48','','times'),(2038,'m0044','','','vip'),(2039,'m0043','','','vip'),(2040,'m0018','','','vip'),(2041,'m0051','','','vip'),(2042,'m0007','','','vip'),(2043,'m0087','14','','times'),(2044,'m0087','13','','times'),(2045,'m0008','','','normal'),(2046,'m0120','','','normal'),(2047,'m0125','5','','course_limit'),(2048,'m0041','','','normal'),(2049,'m0118','39','','times'),(2050,'m0122','','','normal'),(2051,'m0026','','','normal'),(2052,'m0026','23','','times'),(2053,'m0100','29','','times'),(2054,'m0107','','','normal'),(2055,'m0086','3','','course_limit'),(2056,'m0010','35','','tran_little'),(2057,'m0011','36','','tran_little'),(2058,'m0020','37','','tran_little'),(2059,'m0012','40','','tran_little'),(2060,'m0022','43','','tran_little'),(2061,'m0021','44','','tran_little'),(2062,'m0117','','','normal'),(2063,'m0106','','','normal'),(2064,'m0024','32','','course_limit'),(2065,'m0057','47','','times'),(2066,'m0098','21','','times'),(2067,'m0098','20','','times'),(2068,'m0039','','','normal'),(2069,'m0128','','','normal'),(2070,'m0032','','','normal'),(2071,'m0060','26','','course_limit'),(2072,'m0044','','','vip'),(2073,'m0043','','','vip'),(2074,'m0051','','','vip'),(2075,'m0026','','','normal'),(2076,'m0120','','','normal'),(2077,'m0118','38','','times'),(2078,'m0104','12','','times'),(2079,'m0041','','','normal'),(2080,'m0026','22','','times'),(2081,'m0004','20','','times'),(2082,'m0023','37','','course_limit'),(2083,'m0087','12','','times'),(2084,'m0072','','','normal'),(2085,'m0072','','','normal'),(2086,'m0116','','','normal'),(2087,'m0115','','','normal'),(2088,'m0129','','','normal'),(2089,'m0128','','','normal'),(2090,'m0029','24','','times'),(2091,'m0012','39','','tran_little'),(2092,'m0010','34','','tran_little'),(2093,'m0011','35','','tran_little'),(2094,'m0020','36','','tran_little'),(2095,'m0021','43','','tran_little'),(2096,'m0104','11','','times'),(2097,'m0049','35','','course_limit'),(2098,'m0062','35','','course_limit'),(2099,'m0030','23','','course_limit'),(2100,'m0103','','','normal'),(2101,'m0122','','','normal'),(2102,'m0032','','','normal'),(2103,'m0083','4','','times'),(2104,'m0099','','','vip'),(2105,'m0043','','','vip'),(2106,'m0044','','','vip'),(2107,'m0018','','','vip'),(2108,'m0087','11','','times'),(2109,'m0092','4','','tran_little'),(2110,'m0070','','','normal'),(2111,'m0107','','','normal'),(2112,'m0116','','','normal'),(2113,'m0122','','','normal'),(2114,'m0028','38','','times'),(2115,'m0113','','','normal'),(2116,'m0028','37','','times'),(2117,'m0098','19','','times'),(2118,'m0098','18','','times'),(2119,'m0089','','','normal'),(2120,'m0059','26','','course_limit'),(2121,'m0057','46','','times'),(2122,'m0007','','','vip'),(2123,'m0043','','','vip'),(2124,'m0041','','','normal'),(2125,'m0044','','','vip'),(2126,'m0018','','','vip'),(2127,'m0008','','','normal'),(2128,'m0087','','','normal'),(2129,'m0087','10','','times'),(2130,'m0026','','','normal'),(2131,'m0120','','','normal'),(2132,'m0063','3','','times'),(2133,'m0026','21','','times'),(2134,'m0100','28','','times'),(2135,'m0097','44','','times'),(2136,'m0113','','','normal'),(2137,'m0102','','','normal'),(2138,'m0024','31','','course_limit'),(2139,'m0070','','','normal'),(2140,'m0128','','','normal'),(2141,'m0030','22','','course_limit'),(2142,'m0057','45','','times'),(2143,'m0056','','','normal'),(2144,'m0032','','','normal'),(2145,'m0122','','','normal'),(2146,'m0104','10','','times'),(2147,'m0043','','','vip'),(2148,'m0041','','','normal'),(2149,'m0018','','','vip'),(2150,'m0029','23','','times'),(2151,'m0051','','','vip'),(2152,'m0008','','','normal'),(2153,'m0120','','','normal'),(2154,'m0128','','','normal'),(2155,'m0048','37','','times'),(2156,'m0087','','','normal'),(2157,'m0121','','','normal'),(2158,'m0026','','','normal'),(2159,'m0126','45','','times'),(2160,'m0126','44','','times'),(2161,'m0100','27','','times'),(2162,'m0072','','','normal'),(2163,'m0115','','','normal'),(2164,'m0057','44','','times'),(2165,'m0074','45','','times'),(2166,'m0056','','','normal'),(2167,'m0052','30','','times'),(2168,'m0059','25','','course_limit'),(2169,'m0059','24','','course_limit'),(2170,'m0106','','','normal'),(2171,'m0117','','','normal'),(2172,'m0045','47','','times'),(2173,'m0061','34','','course_limit'),(2174,'m0132','','','normal'),(2175,'m0132','','','normal'),(2176,'m0032','','','normal'),(2177,'m0072','','','normal'),(2178,'m0072','','','normal'),(2179,'m0097','43','','times'),(2180,'m0026','20','','times'),(2181,'m0068','','','normal'),(2182,'m0085','29','','times'),(2183,'m0056','','','normal'),(2184,'m0105','4','','times'),(2185,'m0105','3','','times'),(2186,'m0118','37','','times'),(2187,'m0118','36','','times'),(2188,'m0041','','','normal'),(2189,'m0029','22','','times'),(2190,'m0098','17','','times'),(2191,'m0098','16','','times'),(2192,'m0098','15','','times'),(2193,'m0032','','','normal'),(2194,'m0091','6','','times'),(2195,'m0063','2','','times'),(2196,'m0100','26','','times'),(2197,'m0104','9','','times'),(2198,'m0104','8','','times'),(2199,'m0026','19','','times'),(2200,'m0004','19','','times'),(2201,'m0004','18','','times'),(2202,'m0113','','','normal'),(2203,'m0102','','','normal'),(2204,'m0008','','','normal'),(2205,'m0088','7','','times'),(2206,'m0088','6','','times'),(2207,'m0080','39','','times'),(2208,'m0029','21','','times'),(2209,'m0117','','','normal'),(2210,'m0131','38','','course_limit'),(2211,'m0137','29','','times'),(2212,'m0024','30','','course_limit'),(2213,'m0056','','','normal'),(2214,'m0030','21','','course_limit'),(2215,'m0064','46','','times'),(2216,'m0103','','','normal'),(2217,'m0060','25','','course_limit'),(2218,'m0122','','','normal'),(2219,'m0099','','','vip'),(2220,'m0051','','','vip'),(2221,'m0007','','','vip'),(2222,'m0041','','','normal'),(2223,'m0026','18','','times'),(2224,'m0026','','','normal'),(2225,'m0120','','','normal'),(2226,'m0132','','','normal'),(2227,'m0087','','','normal'),(2228,'m0126','43','','times'),(2229,'m0126','42','','times'),(2230,'m0126','41','','times'),(2231,'m0126','40','','times'),(2232,'m0107','','','normal');
/*!40000 ALTER TABLE `membergetinlog` ENABLE KEYS */;
UNLOCK TABLES;

--
-- Table structure for table `members`
--

DROP TABLE IF EXISTS `members`;
/*!40101 SET @saved_cs_client     = @@character_set_client */;
/*!40101 SET character_set_client = utf8 */;
CREATE TABLE `members` (
  `id` varchar(5) DEFAULT NULL,
  `name` varchar(15) DEFAULT NULL,
  `birth` varchar(11) DEFAULT NULL,
  `type` varchar(6) DEFAULT NULL,
  `phone` varchar(12) DEFAULT NULL,
  `agent_name` varchar(3) DEFAULT NULL,
  `agent_phone` varchar(11) DEFAULT NULL,
  `agent_relation` varchar(2) DEFAULT NULL,
  `address` varchar(18) DEFAULT NULL,
  `nationID` varchar(10) DEFAULT NULL,
  `quota` tinyint(4) DEFAULT NULL,
  `quota_tran_little` tinyint(4) DEFAULT NULL,
  `quota_course_limit` tinyint(4) DEFAULT NULL,
  `quota_course` tinyint(4) DEFAULT NULL
) ENGINE=InnoDB DEFAULT CHARSET=utf8mb4;
/*!40101 SET character_set_client = @saved_cs_client */;

--
-- Dumping data for table `members`
--

LOCK TABLES `members` WRITE;
/*!40000 ALTER TABLE `members` DISABLE KEYS */;
INSERT INTO `members` VALUES ('m0001','測試帳號','1982-11-06','normal','0919155809','陳秀真','0933655311','母子','830龍成路92-2號','Q123362294',0,0,4,4),('m0002','楊智堯','1989-12-04','normal','0981283982','楊朝根','08-7337412','父子','不留','',0,0,0,0),('m0003','張峻銘','1983-10-27','normal','095599281','張育銘','0989303352','兄弟','屏東縣萬巒鄉萬和村南進路24之12號','',9,0,0,0),('m0004','蕭謙和','1987-01-22','normal','0903622153','蕭文方','0976861621','父子','不留','T123616914',18,0,0,0),('m0005','李和家','2001-11-16','normal','0965349033','李志明','0932856357','父子','高雄市鹽埕區公園路203號','E125321425',49,0,0,0),('m0006','黃柔甄','1984-03-10','normal','0976523393','蔡詠韻','08-7662037','母女','屏東市崇陽街131巷10號','S223452313',0,0,0,0),('m0007','林彩婷','1989-11-07','normal','0927279263','林慶雄','0911746663','父女','屏東市昆明街22巷7弄3號','T223738917',0,0,0,0),('m0008','丘兆洺','1991-07-07','normal','0970960311','施靜宇','0953129383','母子','屏東市工裕街353巷35弄30號','T124021491',0,0,0,0),('m0009','葉瑞煌','1974-2-27','normal','0935815805','葉太太','0958255616','夫妻','屏東市崇安街28巷1號','',0,0,0,0),('m0010','劉筱鈴','1981-08-26','normal','0983700232','黃柔甄','0976523393','朋友','屏東市華盛街19號8f之1','',0,34,0,0),('m0011','黃麗華','1973-11-28','normal','0932376315','韓中明','0929229321','夫妻','不留','',0,35,0,0),('m0012','張瓊文','1966-02-15','normal','0937383140','老公','0939871599','夫妻','屏東市莊敬街二段89巷29弄5號','',0,39,0,0),('m0013','鄭景鴻','1970-01-29','normal','0905366833','尤澤平','0926134330','夫妻','屏東市機場北路460號13樓','',0,0,0,0),('m0014','卓明珠','1969-12-23','normal','0966533111','卓明慧','0910401998','妹','屏東市香揚巷279號','',0,47,0,0),('m0015','游孟霖','1997-10-31','normal','0975971031','羅偲云','0936767802','母子','高雄市鳳山區建國路一段53巷68號','S124053296',80,0,0,0),('m0016','陳雨青','1997-02-10','normal','0919232756','陳文伶','0935599941','母親','不留','不留',0,0,0,0),('m0017','陳信陵','1975-08-31','normal','0932781719','黃惠萍','0931980792','夫妻','不留','不留',50,0,0,0),('m0018','許蜀茹','1978-08-29','normal','0931312251','許琳惟','0928784136','姊妹','不留','不留',0,0,0,0),('m0019','楊倍航','1989-02-16','normal','0932325859','陳寶伃','0919092038','夫妻','不留','不留',99,0,0,0),('m0020','石香莉','1971-06-02','normal','0920676238','廖文亮','0982191491','夫妻','屏東市公勇路77號14樓之9','T220123067',0,36,0,0),('m0021','潘楨棱','1981-10-05','normal','0981227522','陸一帆','0929951752','夫妻','屏東市中華路60號','T222670550',0,43,0,0),('m0022','李宜','1981-08-14','normal','0931611291','不留','不留','不留','不留','不留',0,43,0,0),('m0023','黃惠萍','1981-07-15','normal','0931980792','黃明玉','0929683638','妹妹','不留','不留',0,0,0,0),('m0024','鍾佳玲','1965-02-01','normal','0910774535','王志明','0930835197','夫妻','屏東市德豐街216巷38號','不留',0,0,0,0),('m0025','趙崇志','1983-03-29','normal','0988638988','趙金輝','08-7342953','父子','不留','T123401280',50,0,0,0),('m0026','楊川德','1998-04-08','normal','0958401939','楊源利','0919173353','父子','屏東市湖西里歸義巷4-14號','T124373696',18,0,0,0),('m0027','杜浩維','1993-08-28','normal','0988165182','鄭麗巧','0987600826','母','不留','不留',0,0,0,0),('m0028','陳齊軒','1988-12-13','normal','0968113157','陳今殿','0927698868','父子','不留','不留',37,0,0,0),('m0029','柯宇杰','2000-02-21','normal','0978087272','柯勝雄','0915880899','父','不留','不留',21,0,0,0),('m0030','潘書寧','1979-06-02','normal','0955711897','潘蔚民','0925161895','兄','屏東市和平路528號','不留',0,0,0,0),('m0031','呂金峯','1986-04-25','normal','0955563979','呂媽媽','0960639181','母子','不留','不留',0,0,0,0),('m0032','黃柏瑜','2003-11-03','normal','0905593180','黃媽媽','0978620160','母','屏東市大連路13巷2弄2樓之1','T125892092',0,0,0,0),('m0033','何華倫','1983-11-16','normal','0988075400','羅秀花','0919121811','母','屏東縣瑪家鄉佳義村泰平巷105-2號','T123049020',50,0,0,0),('m0034','張淑賢','19988-02-29','normal','0958747794','張仲豪','0975553622','男友','不留','不留',26,0,0,0),('m0035','曾俊維','1984-09-09','normal','0980960035','林翰英','0955136761','母','屏東市貴陽街33號','T123447491',41,0,0,0),('m0036','顏妙芬','1978-11-22','normal','0986104527','張秀珍','0983358947','母女','屏東市貴陽街33號','T222514922',0,48,0,0),('m0037','顏妙芬','1978-11-22','normal','0986104527','張秀珍','0983358947','母女','屏東市貴陽街33號','T222514922',50,0,0,0),('m0038','張嘉軒','1984-06-30','normal','0970471155','宋娟誼','0915132335','母女','不留','',0,0,0,0),('m0039','楊智堯','1989-10-04','normal','0981283982','楊朝根','08-7997412','父子','不留','',0,0,0,0),('m0040','翁永成','1994-03-30','normal','0936793229','黃燕玲','0919198022','母子','屏東縣內埔鄉中林村農專街413巷8號','T124097691',0,0,0,0),('m0041','潘文佑','1999-03-13','normal','0983668297','王玉惠','0987270529','母','不留','',0,0,0,0),('m0042','施靜宇','1986-05-30','normal','0953129383','丘兆洺','0970960311','母子','不留','',50,0,0,0),('m0043','芶玉珺','1982-03-01','normal','0921036381','芶月明','0931750627','父女','不留','',0,0,0,0),('m0044','陳育騏','1982-08-13','normal','0972038234','陳永健','0933644390','父女','不留','',0,0,0,0),('m0045','許瑜喬','1996-08-19','normal','0917977532','許爸','0981259128','父','屏東市博愛路334號11樓之2','',47,0,0,0),('m0046','曾毓仁','1988-09-21','normal','0911506889','曾英發','0910731222','父子','不留','',50,0,0,0),('m0047','朱欣怡','1980-10-12','normal','0929457507','洪瑞文','0931991752','夫','屏東市鎮寶林內巷67-3號','',10,0,0,0),('m0048','吳佳瑾','1990-12-08','normal','0980791208','梁淑美','0938676689','祖孫','不留','',37,0,0,0),('m0049','林妤容','1981-08-14','normal','0931611291','李清輝','0920864337','夫妻','不留','',0,0,0,0),('m0050','簡浚丞','1986-01-09','normal','0930716663','王沐心','0933594585','夫妻','不留','',5,0,0,0),('m0051','黃勝宏','1983-03-16','normal','0912665864','黃美鈴','0910813286','母子','屏東市大武里武威街21號','',0,0,0,0),('m0052','陳昱志','1999-03-23','normal','0971575328','鄭淑霞','0915211288','母','不留','',30,0,0,0),('m0053','王薪淳','1985-11-23','normal','0978705311','蔡靜慧','無提供','夫妻','屏東市青島街156巷3-4號','E123830467',42,0,0,0),('m0054','孫湘雯','1988-07-27','normal','0929243595','林志文','0936737309','夫妻','不留','',0,0,0,0),('m0055','陳中翌','1994-02-07','normal','0925367388','陳國欽','0919173802','父','不留','',7,0,0,0),('m0056','王靖嫺','1990-09-10','normal','0986134135','石仙美','0903133494','朋友','屏東縣東港鎮朝安里博愛街79-3號','',0,0,0,0),('m0057','石仙美','1990-11-11','normal','0903133494','王靖嫺','0986134135','朋友','屏東縣山地門鄉口社村37-2號','',44,0,0,0),('m0058','柯雅玲','1982-06-25','normal','0989188276','林國思','0915676192','先生','不留','不留',0,0,0,0),('m0059','吳美莉','1963-12-05','normal','0929236025','余承隆','0931842329','夫妻','不留','不留',0,0,0,0),('m0060','余承隆','1956-10-25','normal','0931842329','吳美莉','029236025','夫妻','不留','不留',0,0,0,0),('m0061','余佳穎','不留','normal','不留','不留','不留','不留','不留','不留',0,0,0,0),('m0062','余靖方','不留','normal','不留','不留','不留','不留','不留','不留',0,0,0,0),('m0063','張俊河','1991-07-16','normal','0927205816','張雲山','0938877114','父子','不留','不留',2,0,0,0),('m0064','胡家沛','1995-10-19','normal','0930181396','胡紹屏','0920181396','父','屏東市迪化二街64號8樓之4','T124233197',46,0,0,0),('m0065','許時睿','1997-10-20','normal','0902225011','許瑞芸','0900783467','姊','不留','',0,0,0,0),('m0066','陳誠','1991-09-23','normal','0917898566','陳正興','0931065016','父子','不留','不留',37,0,0,0),('m0067','林育辰','1990-06-04','normal','0921031281','林爸爸','08-7323249','父子','屏東縣屏東市屏東路1279-2號','T123876929',45,0,0,0),('m0068',' 朱家緯','1995-09-21','normal','0980375191','朱俊忠','0939534089','父子','屏東市迪化街75-7號5樓之1','S124485243',0,0,0,0),('m0069','涂馨慈','1992-08-27','normal','0976607551','孫金玉','0903318551','母女','不留','',21,0,0,0),('m0070','賴彥雄','1989-09-25','normal','0915696015','陳美菊','0920696015','母子','不留','不留',0,0,0,0),('m0071','李奕','2001-03-27','normal','0970186026','仞杏珍','0970917119','母','不留','',0,0,0,0),('m0072','黃怡華','1990-02-14','normal','0989452065','何煒菁','0982065208','朋友','不留','',0,0,0,0),('m0073','許凱祥','1990-02-25','normal','0906571186','陳裕豐','0933382490','朋友','不留','不留',48,0,0,0),('m0074','蕭宇傑','2002-11-03','normal','0968834803','蕭昆豪','0968901035','父子','不留','不留',45,0,0,0),('m0075','邱暖軒','1999-08-22','normal','0909836326','余東峻','0975388716','情侶','不留','不留',8,0,0,0),('m0076','盧正揚  ','2000-05-27','normal','0983177317','吳衣綸','0935593112','母子','不留','不留',44,0,0,0),('m0077','陳翊勝','1986-12-24','normal','0919953012','簡湘淳','0911200979','夫妻','不留','不留',0,0,0,0),('m0078','楊博宇','1996-01-23','normal','0975018086','楊德華','0929261788','父子','屏東市崇蘭里古松西巷317弄12號','T124240110',50,0,0,0),('m0079','李惠筑','1997-11-15','normal','0967335755','黃子珊','0981881519','友人','不留','',30,0,0,0),('m0080','曾子懿','1990-12-14','normal','0977659367','吳憶珊','0965250613','夫妻','不留','',39,0,0,0),('m0081','吳憶珊','1981-09-15','normal','0965250613','曾子懿','0977659367','夫妻','不留','',75,0,0,0),('m0082','鄭竹崴','1998-09-17','normal','0958181587','鄭志彥','0970620336','父女','不留','',0,0,0,0),('m0083','楊超翔','1986-09-13','normal','0910759717','楊進德','0938358083','父子','不留','',4,0,0,0),('m0084','蔡明佐','1970-07-18','normal','0988525726','孫麗英','0915979080','夫妻','不留','',0,0,0,0),('m0085','邱宇','1999-12-27','normal','0928227687','邱永結','0952212258','父子','不留','不留',29,0,0,0),('m0086','賴彥雄','1989-09-25','normal','0915696015','陳美菊','0920696015','母子','不留','不留',0,0,0,0),('m0087','邱偉倫','1992-02-08','normal','0981375369','邱潤輝','0929979536','父子','不留','不留',10,0,0,0),('m0088','許叡陞','1981-12-14','normal','0920633280','陳啟利','0915808638','父子','不留','不留',6,0,0,0),('m0089','陳雨青','1997-02-10','normal','0919232756','陳文玲','0935599941','母','屏東市海丰路仁義里84巷56號','T124270154',0,0,0,0),('m0090','宋基平','1984-04-30','normal','0927816369','衛春珍','0975893259','母子','不留','不留',0,0,0,0),('m0091','曹嫚君','1992-06-30','normal','0371250630','曹育騰','0303805977','兄妹','高雄市左營區大中二路496-1號','不留',6,0,0,0),('m0092','李婕','1990-10-08','normal','0987666565','李薇','0981090159','妹','不留','',0,4,0,0),('m0093','蔡幸璞','1991-08-13','normal','0910125832','蔡俊彥','0932750650','父女','不留','',0,4,0,0),('m0094','黃柏榮','1989-04-30','normal','0937687359','黃永福','0922581764','父子','屏東市廣東路1308號','T123870098',5,0,0,0),('m0095','魏雲生','1997-02-20','normal','0921395488','陳秋霞','0910917806','母','不留','不留',8,0,0,0),('m0096','鄭郁正','2004-07-28','normal','0963871831','曾宜清','0968751859','母子','不留','',50,0,0,0),('m0097','蘇俊堂','1980-02-04','normal','0916319065','蘇俊男','0955210207','兄弟','不留','',43,0,0,0),('m0098','曾閔謙','2000-06-08','normal','0936735565','周泓慶','00962062267','兄弟','屏東市興隆街9巷12弄5號','',15,0,0,0),('m0099','賴宜姍','1995-07-09','normal','0986531698','王佩玲','0920301698','母女','屏東市崇蘭里古松西巷225號','T224133461',0,0,0,0),('m0100','黃意喬','1984-02-22','normal','0932712078','黃怡華','0989452065','朋友','不留','',26,0,0,0),('m0101','柯慧君','1984-06-23','normal','0910737786','龐瑋傑','0980060813','夫妻','不留','',0,0,0,0),('m0102','卓家羽','1997-03-25','normal','0988250239','徐子涵','0921054303','母','不留','',0,0,0,0),('m0103','徐慧庭','1997-03-04','normal','0988813081','林靜鈺','0911231433','母女','不留','',0,0,0,0),('m0104','張鈞傑','1993-03-19','normal','0930110898','陳富華','0939205161','母親','不留','不留',8,0,0,0),('m0105','同家宏','1977-07-08','normal','0983336478','陳金蜜','0987783829','母女','不留','不留',3,0,0,0),('m0106','張詠筑','1995-12-17','normal','+15107704784','顏喬姿','0928579493','母女','不留','不留',0,0,0,0),('m0107','陳永富','1979-11-26','normal','0989776319','蔡慧鵑','0981352086','夫妻','不留','',0,0,0,0),('m0108','埕誼誠','2002-10-19','normal','0903003495','謝金笠','09096711237','母子','不留','R125423456',0,0,0,0),('m0109','郭似虹','1988-09-26','normal','0985877631','宋韋霆','0980051854','夫妻','屏東市機場北路466號4樓','不留 ',0,9,0,0),('m0110','張明順','1984-04-29','normal','0934176390','張福來','0932881355','父子','不留','',9,0,0,0),('m0111','簡募修','2003-06-28','normal','0963753008','蕭翠嫚','0921289883','母','不留','',0,0,0,0),('m0112','蔡宜儒','1998-07-11','normal','0966820791','何維玲','0911201500','母女','新北市蘆洲區民族路347號5f','',0,0,0,0),('m0113','楊昱淋','1997-09-29','normal','0975786569','陳威志','0938130098','友','不留','',0,0,0,0),('m0114','郭繼川','1982-11-21','normal','0931150555','陳沛賜','0931140555','妻','不留','',9,0,0,0),('m0115','方聖堯','不留','normal','0931779510','方太太','7336123','夫妻','屏東市勝利路70號','不留',0,0,0,0),('m0116','謝大立','1989-09-07','normal','0989722955','張小姐','0910439111','母子','屏東市華盛街39號12-3','不留',0,0,0,0),('m0117','Gerardo Sanchez','1993-05-11','normal','+15105856746','顏喬姿','0928579493','岳母','屏東市忠孝路3-4號','不留',0,0,0,0),('m0118','彭伯舜','1995-01-08','normal','0988890865','林姿廷','0921339804','情侶','不留','',36,0,0,0),('m0119','陳藝文','1990-08-06','normal','0955386598','黃金慈','0989553594','母女','不留','不留',8,0,0,0),('m0120','潘聖凱','1995-08-25','normal','0906202036','李欣儒','0928590106','母子','不留','不留',0,0,0,0),('m0121','藍晴','1995-08-04','normal','0903203503','藍麗娟','0933379153','母','不留','',0,0,0,0),('m0122','王瑋祥','1995-04-08','normal','0922417517','郭閔英','0931900720','母子','不留','不留',0,0,0,0),('m0123','黃蘭玉','1986-04-22','normal','0929714415','黃爸爸','0920714415','父女','屏東市中山路84-2號','不留',9,0,0,0),('m0124','羅庭樺','1979-11-25','normal','0978823735','羅子函','0929861137','姊妹','不留','',48,0,0,0),('m0125','藍晴','1995-08-04','normal','0903203503','藍麗娟','0933379153','母','不留','',0,0,0,0),('m0126','陳增洋','1983-09-17','normal','0938865065','陳慧倩','0960021276','姐','不留','',40,0,0,0),('m0127','朱恂慧','1982-09-18','normal','0938292669','朱軒廷','0915305796','兄','不留','',0,0,0,0),('m0128','謝恩甯','0989-02-18','normal','0971341380','朱梓豪','0981205831','夫妻','不留','',0,0,0,0),('m0129','何欣芸','1997-11-20','normal','0905652072','何宇軒','0926492629','父','不留','',0,0,0,0),('m0130','蕭裕和','2003-05-12','normal','0987572769','黃氏欣','0929028239','母子','不留','不留',48,0,0,0),('m0131','劉筱鈴','1981-08-26','normal','0983700232','孔祥華','0920246967','先生','不留','',0,0,0,0),('m0132','徐碩志','1994-05-02','normal','0909303151','侯憶湄','0909503914','母子','屏東市廣興里118-1號','T124223691',0,0,0,0),('m0133','徐詠欽','1989-08-23','normal','0958958719','侯憶湄','0909503914','母子','不留','不留',0,0,0,0),('m0134','趙崇志','1983-03-29','normal','0988638988','趙金輝','08-7342953','父子','不留','不留',0,50,0,0),('m0135','陳俞婷','1986-06-23','normal','0938750623','陳韋彤','0984033558','姊姊','不留','不留',0,0,0,0),('m0136','潘楨棱','1981-10-05','normal','0981227522','陸一帆','0929951752','先生','不留','不留',50,0,0,0),('m0137','張家豪','1988-06-02','normal','0928433483','張禮易','0928608566','父子','不留','',29,0,0,0),('m0138','潘歆儒','1995-06-09','normal','0911448569','潘奕樵','0976472090','兄妹','不留','不留',0,0,0,0);
/*!40000 ALTER TABLE `members` ENABLE KEYS */;
UNLOCK TABLES;

--
-- Table structure for table `sqlite_sequence`
--

DROP TABLE IF EXISTS `sqlite_sequence`;
/*!40101 SET @saved_cs_client     = @@character_set_client */;
/*!40101 SET character_set_client = utf8 */;
CREATE TABLE `sqlite_sequence` (
  `name` varchar(14) DEFAULT NULL,
  `seq` smallint(6) DEFAULT NULL
) ENGINE=InnoDB DEFAULT CHARSET=utf8mb4;
/*!40101 SET character_set_client = @saved_cs_client */;

--
-- Dumping data for table `sqlite_sequence`
--

LOCK TABLES `sqlite_sequence` WRITE;
/*!40000 ALTER TABLE `sqlite_sequence` DISABLE KEYS */;
INSERT INTO `sqlite_sequence` VALUES ('membergetinlog',2232),('bulletin',3),('trans',193);
/*!40000 ALTER TABLE `sqlite_sequence` ENABLE KEYS */;
UNLOCK TABLES;

--
-- Table structure for table `staff`
--

DROP TABLE IF EXISTS `staff`;
/*!40101 SET @saved_cs_client     = @@character_set_client */;
/*!40101 SET character_set_client = utf8 */;
CREATE TABLE `staff` (
  `id` varchar(5) DEFAULT NULL,
  `name` varchar(6) DEFAULT NULL,
  `birth` varchar(10) DEFAULT NULL,
  `phone` bigint(20) DEFAULT NULL,
  `role` varchar(2) DEFAULT NULL,
  `agent_name` varchar(3) DEFAULT NULL,
  `agent_phone` bigint(20) DEFAULT NULL,
  `agent_relation` varchar(2) DEFAULT NULL,
  `nationID` varchar(10) DEFAULT NULL,
  `address` varchar(11) DEFAULT NULL
) ENGINE=InnoDB DEFAULT CHARSET=utf8mb4;
/*!40101 SET character_set_client = @saved_cs_client */;

--
-- Dumping data for table `staff`
--

LOCK TABLES `staff` WRITE;
/*!40000 ALTER TABLE `staff` DISABLE KEYS */;
INSERT INTO `staff` VALUES ('s0001','員工測試帳號','1982-11-06',919155809,'業務','陳秀真',933655311,'母子','Q123362294','830龍成路92-2號');
/*!40000 ALTER TABLE `staff` ENABLE KEYS */;
UNLOCK TABLES;

--
-- Table structure for table `staffgetinlog`
--

DROP TABLE IF EXISTS `staffgetinlog`;
/*!40101 SET @saved_cs_client     = @@character_set_client */;
/*!40101 SET character_set_client = utf8 */;
CREATE TABLE `staffgetinlog` (
  `getinid` varchar(0) DEFAULT NULL,
  `staffid` varchar(0) DEFAULT NULL,
  `timestamp` varchar(0) DEFAULT NULL
) ENGINE=InnoDB DEFAULT CHARSET=utf8mb4;
/*!40101 SET character_set_client = @saved_cs_client */;

--
-- Dumping data for table `staffgetinlog`
--

LOCK TABLES `staffgetinlog` WRITE;
/*!40000 ALTER TABLE `staffgetinlog` DISABLE KEYS */;
/*!40000 ALTER TABLE `staffgetinlog` ENABLE KEYS */;
UNLOCK TABLES;

--
-- Table structure for table `trans`
--

DROP TABLE IF EXISTS `trans`;
/*!40101 SET @saved_cs_client     = @@character_set_client */;
/*!40101 SET character_set_client = utf8 */;
CREATE TABLE `trans` (
  `transid` smallint(6) DEFAULT NULL,
  `memberid` varchar(5) DEFAULT NULL,
  `staffid` varchar(5) DEFAULT NULL,
  `startdate` varchar(10) DEFAULT NULL,
  `enddate` varchar(10) DEFAULT NULL,
  `timestamp` varchar(0) DEFAULT NULL,
  `price` mediumint(9) DEFAULT NULL,
  `membertype` varchar(12) DEFAULT NULL,
  `quota_course_limit` tinyint(4) DEFAULT NULL
) ENGINE=InnoDB DEFAULT CHARSET=utf8mb4;
/*!40101 SET character_set_client = @saved_cs_client */;

--
-- Dumping data for table `trans`
--

LOCK TABLES `trans` WRITE;
/*!40000 ALTER TABLE `trans` DISABLE KEYS */;
INSERT INTO `trans` VALUES (1,'m0001','s0001','2020-02-05','2020-03-04','',6500,'course_limit',0),(2,'m0001','s0001','2020-02-08','2020-02-10','',6500,'course_limit',3),(3,'m0001','s0001','2020-02-26','2020-03-25','',6500,'course_limit',5),(4,'m0001','s0001','2020-02-18','2020-03-17','',6500,'course_limit',5),(5,'m0001','s0001','2020-02-18','2020-03-17','',1300,'normal',0),(6,'m0001','s0001','2020-02-05','2020-02-29','',6500,'course_limit',2),(7,'m0001','s0001','2020-02-26','2020-03-07','',6500,'course_limit',5),(8,'m0001','s0001','2020-02-05','2020-03-04','',9000,'vip',0),(9,'m0001','s0001','2020-02-05','','',320,'tran_little',0),(10,'m0001','s0001','2020-02-05','','',8000,'course',0),(13,'m0001','s0001','2020-02-01','','',1200,'times',0),(14,'m0001','s0001','2020-02-01','','',1200,'times',0),(15,'m0001','s0001','2020-02-01','','',1200,'times',0),(16,'m0001','s0001','2020-02-01','','',1200,'times',0),(17,'m0001','s0001','2020-02-01','','',1200,'times',0),(25,'m0002','s0001','2020-01-25','2020-04-24','',18000,'course_limit',3),(26,'m0003','s0001','2020-02-06','','',1200,'times',0),(27,'m0004','s0001','2020-02-06','','',4000,'times',0),(28,'m0005','s0001','2020-02-06','','',4000,'times',0),(29,'m0006','s0001','2020-01-27','2020-06-26','',32000,'course_limit',27),(30,'m0007','s0001','2020-02-03','2020-03-02','',1300,'normal',0),(31,'m0008','s0001','2020-01-30','109-08-29','',5400,'normal',0),(32,'m0009','s0001','2020-01-27','2021-03-26','',8400,'normal',0),(34,'m0010','s0001','2020-01-28','','',10000,'tran_little',0),(35,'m0011','s0001','2020-01-29','','',10000,'tran_little',0),(36,'m0012','s0001','2020-01-29','','',10000,'tran_little',0),(37,'m0013','s0001','2020-01-30','2020-04-29','',3300,'normal',0),(38,'m0014','s0001','2020-01-29','','',10000,'tran_little',0),(39,'m0015','s0001','2020-01-30','','',4000,'times',0),(40,'m0015','s0001','2020-01-30','','',4000,'times',0),(41,'m0016','s0001','2020-01-30','2020-02-29','',1300,'normal',0),(42,'m0017','s0001','2020-01-30','','',4000,'times',0),(43,'m0018','s0001','2020-02-03','2020-03-02','',1300,'normal',0),(44,'m0019','s0001','2020-01-31','','',4000,'times',0),(45,'m0020','s0001','2020-01-31','','',10000,'tran_little',0),(46,'m0021','s0001','2020-01-31','','',10000,'tran_little',0),(47,'m0022','s0001','2020-01-31','','',10000,'tran_little',0),(48,'m0023','s0001','2020-01-30','2020-06-29','',32000,'course_limit',37),(49,'m0024','s0001','2020-01-31','2020-06-30','',32000,'course_limit',30),(50,'m0025','s0001','2020-02-01','2020-02-29','',1300,'normal',0),(51,'m0026','s0001','2020-01-31','','',4000,'times',0),(52,'m0027','s0001','2020-02-01','2021-03-31','',8400,'normal',0),(53,'m0031','s0001','2020-02-04','2020-05-03','',18000,'course_limit',2),(54,'m0028','s0001','2020-02-06','','',4000,'times',0),(55,'m0029','s0001','2020-02-06','','',4000,'times',0),(56,'m0030','s0001','2020-02-04','2020-07-03','',32000,'course_limit',21),(57,'m0032','s0001','2020-02-01','2020-07-31','',5400,'normal',0),(58,'m0038','s0001','2020-02-02','2020-03-01','',1300,'normal',0),(59,'m0039','s0001','2020-02-01','2020-07-31','',5400,'normal',0),(60,'m0040','s0001','2020-02-02','2020-04-01','',11000,'course_limit',4),(61,'m0041','s0001','2020-02-03','2021-04-02','',8400,'normal',0),(62,'m0042','s0001','2020-02-13','','',4000,'times',0),(63,'m0043','s0001','2020-02-03','2020-03-02','',1300,'normal',0),(64,'m0044','s0001','2020-02-03','2020-03-02','',1300,'normal',0),(65,'m0045','s0001','2020-02-06','','',4000,'times',0),(66,'m0046','s0001','2020-02-06','','',4000,'times',0),(67,'m0047','s0001','2020-02-06','','',1200,'times',0),(68,'m0048','s0001','2020-02-06','','',4000,'times',0),(69,'m0049','s0001','2020-02-03','2020-07-02','',32000,'course_limit',35),(70,'m0050','s0001','2020-02-03','','',1200,'times',0),(71,'m0051','s0001','2020-02-03','2020-03-02','',1300,'normal',0),(72,'m0052','s0001','2020-02-04','','',4000,'times',0),(73,'m0035','s0001','2020-02-02','','',4000,'times',0),(74,'m0053','s0001','2020-02-04','','',4000,'times',0),(75,'m0055','s0001','2020-02-05','','',1200,'times',0),(76,'m0056','s0001','2020-02-05','2020-03-04','',1300,'normal',0),(77,'m0057','s0001','2020-02-05','2020-03-04','',1300,'normal',0),(78,'m0058','s0001','2020-02-06','2020-05-05','',18000,'course_limit',4),(79,'m0059','s0001','2020-02-06','2020-07-05','',32000,'course_limit',24),(80,'m0060','s0001','2020-02-06','2020-07-05','',32000,'course_limit',25),(81,'m0063','s0001','2020-02-07','','',1200,'times',0),(82,'m0064','s0001','2020-02-06','','',4000,'times',0),(83,'m0034','s0001','2020-02-01','','',4000,'times',0),(84,'m0065','s0001','2020-02-07','','',1200,'times',0),(85,'m0066','s0001','2020-02-08','','',4000,'times',0),(86,'m0067','s0001','2020-02-08','','',4000,'times',0),(87,'m0068','s0001','2020-02-08','2020-05-07','',3300,'normal',0),(88,'m0069','s0001','2020-02-08','2020-03-07','',1300,'normal',0),(89,'m0070','s0001','2020-02-11','2020-08-10','',5400,'normal',0),(90,'m0071','s0001','2020-02-11','2020-03-10','',1300,'normal',0),(91,'m0072','s0001','2020-02-11','2020-05-10','',3300,'normal',0),(92,'m0036','s0001','2020-02-01','','',10000,'tran_little',0),(93,'m0037','s0001','2020-02-01','','',4000,'times',0),(94,'m0073','s0001','2020-02-12','','',4000,'times',0),(95,'m0074','s0001','2020-02-15','','',1200,'times',0),(96,'m0075','s0001','2020-02-17','','',1200,'times',0),(97,'m0076','s0001','2020-02-18','','',4000,'times',0),(98,'m0077','s0001','2020-02-19','2020-03-18','',1300,'normal',0),(99,'m0078','s0001','2020-02-18','','',4000,'times',0),(100,'m0079','s0001','2020-02-18','','',3000,'times',0),(101,'m0080','s0001','2020-02-19','','',4000,'times',0),(102,'m0081','s0001','2020-02-19','','',3000,'times',0),(103,'m0081','s0001','2020-02-19','','',4000,'times',0),(104,'m0082','s0001','2020-02-17','2020-05-16','',18000,'course_limit',13),(105,'m0083','s0001','2020-02-20','','',1200,'times',0),(106,'m0083','s0001','2020-02-20','','',1200,'times',0),(107,'m0033','s0001','2020-02-21','','',4000,'times',0),(108,'m0084','s0001','2020-02-21','2020-05-20','',18000,'course_limit',20),(109,'m0085','s0001','2020-02-22','','',4000,'times',0),(110,'m0086','s0001','2020-02-11','2020-03-10','',6500,'course_limit',5),(111,'m0019','s0001','2020-02-23','','',4000,'times',0),(112,'m0087','s0001','2020-02-23','','',4000,'times',0),(113,'m0088','s0001','2020-02-27','','',1200,'times',0),(114,'m0089','s0001','2020-03-01','2020-05-31','',3300,'normal',0),(115,'m0090','s0001','2020-02-26','2020-03-25','',1300,'normal',0),(116,'m0091','s0001','2020-05-12','','',1200,'times',0),(117,'m0092','s0001','2020-02-28','','',2800,'tran_little',0),(118,'m0093','s0001','2020-02-28','','',2800,'tran_little',0),(119,'m0094','s0001','2020-02-29','','',1200,'times',0),(120,'m0095','s0001','2020-02-29','','',1200,'times',0),(121,'m0096','s0001','2020-02-29','','',4000,'times',0),(122,'m0061','s0001','2020-02-15','2020-08-14','',32000,'course_limit',34),(123,'m0007','s0001','2020-03-03','2021-03-2','',31200,'vip',0),(124,'m0097','s0001','2020-03-01','','',4000,'times',0),(125,'m0043','s0001','2020-03-02','2021-03-01','',31200,'vip',0),(126,'m0044','s0001','2020-03-02','2021-03-01','',31200,'vip',0),(127,'m0098','s0001','2020-03-02','','',4000,'times',0),(128,'m0099','s0001','2020-03-04','2020-06-03','',9000,'vip',0),(129,'m0051','s0001','2020-03-03','2021-03-02','',31200,'vip',0),(130,'m0018','s0001','2020-03-03','2021-03-02','',31200,'vip',0),(131,'m0062','s0001','2020-02-12','2020-07-11','',32000,'course_limit',35),(132,'m0100','s0001','2020-03-04','','',4000,'times',0),(133,'m0102','s0001','2020-03-06','2020-06-05','',3300,'normal',0),(135,'m0069','s0001','2020-03-06','','',3000,'times',0),(136,'m0056','s0001','2020-03-06','2020-06-05','',3300,'normal',0),(137,'m0026','s0001','2020-03-06','2021-03-05','',8400,'normal',0),(138,'m0103','s0001','2020-03-06','2020-06-05','',3300,'normal',0),(139,'m0086','s0001','2020-03-07','2020-05-06','',11000,'course_limit',3),(140,'m0104','s0001','2020-03-07','','',3000,'times',0),(141,'m0105','s0001','2020-03-08','','',1200,'times',0),(142,'m0106','s0001','2020-03-08','','',1200,'times',0),(143,'m0107','s0001','2020-03-10','2020-09-09','',8400,'normal',0),(144,'m0107','s0001','2020-03-10','2021-03-09','',8400,'normal',0),(145,'m0108','s0001','2020-03-11','2020-04-10','',1300,'normal',0),(146,'m0057','s0001','2020-03-11','2020-04-10','',1300,'normal',0),(147,'m0109','s0001','2020-03-11','','',2800,'tran_little',0),(148,'m0110','s0001','2020-03-12','','',1200,'times',0),(149,'m0111','s0001','2020-03-13','2020-04-12','',1300,'normal',0),(150,'m0112','s0001','2020-03-14','2020-06-13','',3300,'normal',0),(151,'m0113','s0001','2020-03-14','2020-06-13','',3300,'normal',0),(152,'m0114','s0001','2020-03-14','','',1200,'times',0),(153,'m0115','s0001','2020-03-16','2020-04-15','',1300,'normal',0),(154,'m0116','s0001','2020-03-16','2020-04-15','',1300,'normal',0),(155,'m0056','s0001','2020-06-06','2020-07-05','',1300,'normal',0),(156,'m0117','s0001','2020-03-21','2020-04-20','',1300,'normal',0),(157,'m0118','s0001','2020-03-21','','',4000,'times',0),(158,'m0119','s0001','2020-03-22','','',1200,'times',0),(159,'m0120','s0001','2020-03-22','2020-09-21','',5400,'normal',0),(160,'m0103','s0001','2020-03-06','2020-06-12','',3300,'normal',0),(161,'m0088','s0001','2020-03-24','','',1200,'times',0),(162,'m0103','s0001','2020-03-06','2020-06-13','',3300,'normal',0),(163,'m0121','s0001','2020-03-27','2021-03-26','',8400,'normal',0),(164,'m0121','s0001','2020-03-27','2020-05-26','',11000,'course_limit',9),(165,'m0122','s0001','2020-03-28','2020-09-27','',5400,'normal',0),(166,'m0123','s0001','2020-03-28','','',1200,'times',0),(167,'m0124','s0001','2020-03-28','','',4000,'times',0),(168,'m0106','s0001','2020-03-31','2020-04-30','',1300,'normal',0),(169,'m0125','s0001','2020-03-27','2020-05-26','',11000,'course_limit',5),(170,'m0126','s0001','2020-03-30','','',4000,'times',0),(171,'m0127','s0001','2020-04-02','2020-07-01','',18000,'course_limit',18),(172,'m0128','s0001','2020-03-31','2020-04-30','',1300,'normal',0),(173,'m0129','s0001','2020-03-31','2020-04-30','',1300,'normal',0),(174,'m0074','s0001','2020-04-01','','',4000,'times',0),(175,'m0130','s0001','2020-04-05','','',4000,'times',0),(176,'m0131','s0001','2020-04-09','2020-10-08','',32000,'course_limit',38),(177,'m0132','s0001','2020-04-06','2020-07-05','',3300,'normal',0),(178,'m0008','s0001','2020-01-30','2020-08-29','',5400,'normal',0),(179,'m0133','s0001','2020-04-07','2020-07-06','',3300,'normal',0),(180,'m0057','s0001','2020-04-09','','',4000,'times',0),(181,'m0025','s0001','2020-04-13','','',4000,'times',0),(182,'m0134','s0001','2020-04-13','','',10000,'tran_little',0),(183,'m0116','s0001','2020-04-16','2020-05-15','',1300,'normal',0),(184,'m0135','s0001','2020-04-13','2020-07-12','',18000,'course_limit',20),(185,'m0087','s0001','2020-04-16','2021-04-15','',8400,'normal',0),(186,'m0115','s0001','2020-04-18','2020-05-17','',1300,'normal',0),(187,'m0136','s0001','2020-04-18','','',4000,'times',0),(188,'m0137','s0001','2020-04-19','','',3000,'times',0),(189,'m0138','s0001','2020-04-20','2020-05-19','',1300,'normal',0),(190,'m0044','s0001','2020-03-02','2021-03-15','',31200,'vip',0),(191,'m0043','s0001','2020-03-02','2021-03-15','',31200,'vip',0),(192,'m0007','s0001','2021-03-02','2021-03-12','',3200,'vip',0),(193,'m0133','s0001','2020-04-07','2020-08-06','',1300,'normal',0);
/*!40000 ALTER TABLE `trans` ENABLE KEYS */;
UNLOCK TABLES;
/*!40103 SET TIME_ZONE=@OLD_TIME_ZONE */;

/*!40101 SET SQL_MODE=@OLD_SQL_MODE */;
/*!40014 SET FOREIGN_KEY_CHECKS=@OLD_FOREIGN_KEY_CHECKS */;
/*!40014 SET UNIQUE_CHECKS=@OLD_UNIQUE_CHECKS */;
/*!40101 SET CHARACTER_SET_CLIENT=@OLD_CHARACTER_SET_CLIENT */;
/*!40101 SET CHARACTER_SET_RESULTS=@OLD_CHARACTER_SET_RESULTS */;
/*!40101 SET COLLATION_CONNECTION=@OLD_COLLATION_CONNECTION */;
/*!40111 SET SQL_NOTES=@OLD_SQL_NOTES */;

-- Dump completed on 2019-08-22 15:20:27
